https://www.audi.co.uk/en/owners/audi-connect/connect-services-by-model/configurator-q3/,https://www.audi.co.uk/en/owners/audi-connect/connect-services-by-model/configurator-q3/?d_alpha=true
https://www.audi.co.uk/en/owners/audi-connect/faqs/myaudi-profile/,https://www.audi.co.uk/en/owners/audi-connect/faqs/myaudi-profile/?d_alpha=true
https://www.audi.co.uk/en/electric/e-tron/video-guides/remote-features/remote-features-video/,https://www.audi.co.uk/en/electric/e-tron/video-guides/remote-features/remote-features-video/?d_alpha=true
https://www.audi.co.uk/en/models/q5/sq5/configurator/,https://www.audi.co.uk/en/models/q5/sq5/configurator/?d_alpha=true
https://www.audi.co.uk/en/models/a3/s3-saloon/,https://www.audi.co.uk/en/models/a3/s3-saloon/?d_alpha=true
https://www.audi.co.uk/en/find-and-buy/finance-and-offers/personal-contract-plan/a3-sportback-sport/,https://www.audi.co.uk/en/find-and-buy/finance-and-offers/personal-contract-plan/a3-sportback-sport/?d_alpha=true
https://www.audi.co.uk/en/models/a8/a8-l/configurator/,https://www.audi.co.uk/en/models/a8/a8-l/configurator/?d_alpha=true
https://www.audi.co.uk/en/owners/audi-connect/faqs/q2/,https://www.audi.co.uk/en/owners/audi-connect/faqs/q2/?d_alpha=true
https://www.audi.co.uk/en/models/a8/a8-tfsi-e/configurator/,https://www.audi.co.uk/en/models/a8/a8-tfsi-e/configurator/?d_alpha=true
https://www.audi.co.uk/en/models/a8/a8-l-tfsi-e/,https://www.audi.co.uk/en/models/a8/a8-l-tfsi-e/?d_alpha=true
https://www.audi.co.uk/en/models/a6-e-tron/a6-avant-e-tron/design-and-specification/,https://www.audi.co.uk/en/models/a6-e-tron/a6-avant-e-tron/design-and-specification/?d_alpha=true
https://www.audi.co.uk/en/find-and-buy/finance-and-offers/ch-contract-hire/layers/bch-s3-sportback/,https://www.audi.co.uk/en/find-and-buy/finance-and-offers/ch-contract-hire/layers/bch-s3-sportback/?d_alpha=true
https://www.audi.co.uk/en/electric/e-tron/video-guides/walk-around/starting-your-charge-video/,https://www.audi.co.uk/en/electric/e-tron/video-guides/walk-around/starting-your-charge-video/?d_alpha=true
https://www.audi.co.uk/en/models/a8/a8-l-tfsi-e/layers/battery-and-powertrain/,https://www.audi.co.uk/en/models/a8/a8-l-tfsi-e/layers/battery-and-powertrain/?d_alpha=true
https://www.audi.co.uk/en/owners/ev-service-and-maintenance/,https://www.audi.co.uk/en/owners/ev-service-and-maintenance/?d_alpha=true
https://www.audi.co.uk/en/models/a5/a5-avant/configurator/,https://www.audi.co.uk/en/models/a5/a5-avant/configurator/?d_alpha=true
https://www.audi.co.uk/en/models/q2/q2/configurator/,https://www.audi.co.uk/en/models/q2/q2/configurator/?d_alpha=true
https://www.audi.co.uk/en/find-and-buy/business-and-fleet/contact-us/,https://www.audi.co.uk/en/find-and-buy/business-and-fleet/contact-us/?d_alpha=true
https://www.audi.co.uk/en/models/a8/a8-l-tfsi-e/configurator/,https://www.audi.co.uk/en/models/a8/a8-l-tfsi-e/configurator/?d_alpha=true
https://www.audi.co.uk/en/owners/audi-connect/faqs/connect-licence-periods/,https://www.audi.co.uk/en/owners/audi-connect/faqs/connect-licence-periods/?d_alpha=true
https://www.audi.co.uk/en/models/q6-e-tron/sq6-e-tron/,https://www.audi.co.uk/en/models/q6-e-tron/sq6-e-tron/?d_alpha=true
https://www.audi.co.uk/en/models/q3/q3-e-hybrid/,https://www.audi.co.uk/en/models/q3/q3-e-hybrid/?d_alpha=true
https://www.audi.co.uk/en/legal-and-privacy/social-media-consents/,https://www.audi.co.uk/en/legal-and-privacy/social-media-consents/?d_alpha=true
https://www.audi.co.uk/en/electric/e-tron/video-guides/charging/public-charging-video/,https://www.audi.co.uk/en/electric/e-tron/video-guides/charging/public-charging-video/?d_alpha=true
https://www.audi.co.uk/en/models/q8/rsq8/,https://www.audi.co.uk/en/models/q8/rsq8/?d_alpha=true
https://www.audi.co.uk/en/models/q4/q4-e-tron/finance-and-offers/,https://www.audi.co.uk/en/models/q4/q4-e-tron/finance-and-offers/?d_alpha=true
https://www.audi.co.uk/en/owners/audi-connect/connect-services-by-model/configurator-a3/,https://www.audi.co.uk/en/owners/audi-connect/connect-services-by-model/configurator-a3/?d_alpha=true
https://www.audi.co.uk/en/audi-world/careers/,https://www.audi.co.uk/en/audi-world/careers/?d_alpha=true
https://www.audi.co.uk/en/owners/audi-connect/connect-services-by-model/configurator-q8-e-tron/,https://www.audi.co.uk/en/owners/audi-connect/connect-services-by-model/configurator-q8-e-tron/?d_alpha=true
https://www.audi.co.uk/en/find-and-buy/finance-and-offers/personal-contract-plan/a6-avant-e-tron-performance/,https://www.audi.co.uk/en/find-and-buy/finance-and-offers/personal-contract-plan/a6-avant-e-tron-performance/?d_alpha=true
https://www.audi.co.uk/en/call-me-back/,https://www.audi.co.uk/en/call-me-back/?d_alpha=true
https://www.audi.co.uk/en/electric/e-tron/video-guides/maximising-range/,https://www.audi.co.uk/en/electric/e-tron/video-guides/maximising-range/?d_alpha=true
https://www.audi.co.uk/en/owners/servicing/service-plans/e-tron/,https://www.audi.co.uk/en/owners/servicing/service-plans/e-tron/?d_alpha=true
https://www.audi.co.uk/en/models/a8/a8-tfsi-e/,https://www.audi.co.uk/en/models/a8/a8-tfsi-e/?d_alpha=true
https://www.audi.co.uk/en/models/a6/a6-avant/,https://www.audi.co.uk/en/models/a6/a6-avant/?d_alpha=true
https://www.audi.co.uk/en/electric/faqs/ev-myths/,https://www.audi.co.uk/en/electric/faqs/ev-myths/?d_alpha=true
https://www.audi.co.uk/en/models/a6-e-tron/s6-avant-e-tron/,https://www.audi.co.uk/en/models/a6-e-tron/s6-avant-e-tron/?d_alpha=true
https://www.audi.co.uk/en/models/q4/q4-e-tron-sportback/finance-and-offers/,https://www.audi.co.uk/en/models/q4/q4-e-tron-sportback/finance-and-offers/?d_alpha=true
https://www.audi.co.uk/en/owners/audi-connect/connect-services-by-model/configurator-a7/,https://www.audi.co.uk/en/owners/audi-connect/connect-services-by-model/configurator-a7/?d_alpha=true
https://www.audi.co.uk/en/legal-and-privacy/cookies/,https://www.audi.co.uk/en/legal-and-privacy/cookies/?d_alpha=true
https://www.audi.co.uk/en/models/q6-e-tron/q6-sportback-e-tron/battery-and-range/,https://www.audi.co.uk/en/models/q6-e-tron/q6-sportback-e-tron/battery-and-range/?d_alpha=true
https://www.audi.co.uk/en/models/q4/q4-e-tron-sportback/design-and-specification/,https://www.audi.co.uk/en/models/q4/q4-e-tron-sportback/design-and-specification/?d_alpha=true
https://www.audi.co.uk/en/models/etrongt/audi-rs-e-tron-gt/configurator/,https://www.audi.co.uk/en/models/etrongt/audi-rs-e-tron-gt/configurator/?d_alpha=true
https://www.audi.co.uk/en/find-and-buy/finance-and-offers/ch-contract-hire/layers/bch-a5-saloon/,https://www.audi.co.uk/en/find-and-buy/finance-and-offers/ch-contract-hire/layers/bch-a5-saloon/?d_alpha=true
https://www.audi.co.uk/en/models/q8/q8-tfsi-e/configurator/,https://www.audi.co.uk/en/models/q8/q8-tfsi-e/configurator/?d_alpha=true
https://www.audi.co.uk/en/owners/audi-connect/connect-services-by-model/configurator-q4/,https://www.audi.co.uk/en/owners/audi-connect/connect-services-by-model/configurator-q4/?d_alpha=true
https://www.audi.co.uk/en/discover/lifestyle/progressive-partners/,https://www.audi.co.uk/en/discover/lifestyle/progressive-partners/?d_alpha=true
https://www.audi.co.uk/en/models/a3/rs-3-saloon/configurator/,https://www.audi.co.uk/en/models/a3/rs-3-saloon/configurator/?d_alpha=true
https://www.audi.co.uk/en/models/etrongt/audi-rs-e-tron-gt/finance-and-offers/,https://www.audi.co.uk/en/models/etrongt/audi-rs-e-tron-gt/finance-and-offers/?d_alpha=true
https://www.audi.co.uk/en/owners/audi-connect/connect-services-by-model/configurator-q5/,https://www.audi.co.uk/en/owners/audi-connect/connect-services-by-model/configurator-q5/?d_alpha=true
https://www.audi.co.uk/en/models/a6-e-tron/a6-sportback-e-tron/,https://www.audi.co.uk/en/models/a6-e-tron/a6-sportback-e-tron/?d_alpha=true
https://www.audi.co.uk/en/models/a6-e-tron/a6-sportback-e-tron/design-and-specification/,https://www.audi.co.uk/en/models/a6-e-tron/a6-sportback-e-tron/design-and-specification/?d_alpha=true
https://www.audi.co.uk/en/discover/progress-you-can-feel/,https://www.audi.co.uk/en/discover/progress-you-can-feel/?d_alpha=true
https://www.audi.co.uk/en/models/q6-e-tron/q6-sportback-e-tron/finance-and-offers/,https://www.audi.co.uk/en/models/q6-e-tron/q6-sportback-e-tron/finance-and-offers/?d_alpha=true
https://www.audi.co.uk/en/models/a6-e-tron/s6-avant-e-tron/battery-and-range/,https://www.audi.co.uk/en/models/a6-e-tron/s6-avant-e-tron/battery-and-range/?d_alpha=true
https://www.audi.co.uk/en/models/a6-e-tron/a6-avant-e-tron/layers/battery-and-range/,https://www.audi.co.uk/en/models/a6-e-tron/a6-avant-e-tron/layers/battery-and-range/?d_alpha=true
https://www.audi.co.uk/en/models/q5/q5-range/,https://www.audi.co.uk/en/models/q5/q5-range/?d_alpha=true
https://www.audi.co.uk/en/models/q6-e-tron/sq6-sportback-e-tron/design-and-specification/,https://www.audi.co.uk/en/models/q6-e-tron/sq6-sportback-e-tron/design-and-specification/?d_alpha=true
https://www.audi.co.uk/en/models/q7/sq7/,https://www.audi.co.uk/en/models/q7/sq7/?d_alpha=true
https://www.audi.co.uk/en/owners/audi-connect/functions-on-demand/,https://www.audi.co.uk/en/owners/audi-connect/functions-on-demand/?d_alpha=true
https://www.audi.co.uk/en/owners/terms-and-conditions/electric-vehicle-services/,https://www.audi.co.uk/en/owners/terms-and-conditions/electric-vehicle-services/?d_alpha=true
https://www.audi.co.uk/en/owners/audi-connect/faqs/myaudi-car-manual/,https://www.audi.co.uk/en/owners/audi-connect/faqs/myaudi-car-manual/?d_alpha=true
https://www.audi.co.uk/en/discover/performance/,https://www.audi.co.uk/en/discover/performance/?d_alpha=true
https://www.audi.co.uk/en/models/q7/sq7/configurator/,https://www.audi.co.uk/en/models/q7/sq7/configurator/?d_alpha=true
https://www.audi.co.uk/en/assistance/imports-and-exports/,https://www.audi.co.uk/en/assistance/imports-and-exports/?d_alpha=true
https://www.audi.co.uk/en/find-and-buy/finance-and-offers/ch-contract-hire/layers/bch-q7/,https://www.audi.co.uk/en/find-and-buy/finance-and-offers/ch-contract-hire/layers/bch-q7/?d_alpha=true
https://www.audi.co.uk/en/models/etrongt/audi-rs-e-tron-gt/,https://www.audi.co.uk/en/models/etrongt/audi-rs-e-tron-gt/?d_alpha=true
https://www.audi.co.uk/en/electric/faqs/audi-models/,https://www.audi.co.uk/en/electric/faqs/audi-models/?d_alpha=true
https://www.audi.co.uk/en/find-and-buy/finance-and-offers/ch-contract-hire/layers/pch-a3-sportback-sport-40/,https://www.audi.co.uk/en/find-and-buy/finance-and-offers/ch-contract-hire/layers/pch-a3-sportback-sport-40/?d_alpha=true
https://www.audi.co.uk/en/find-and-buy/business-and-fleet/fleet-managers/,https://www.audi.co.uk/en/find-and-buy/business-and-fleet/fleet-managers/?d_alpha=true
https://www.audi.co.uk/en/models/q8/sq8/,https://www.audi.co.uk/en/models/q8/sq8/?d_alpha=true
https://www.audi.co.uk/en/owners/audi-connect/faqs/how-to-renew-connect-licence/,https://www.audi.co.uk/en/owners/audi-connect/faqs/how-to-renew-connect-licence/?d_alpha=true
https://www.audi.co.uk/en/models/q4/q4-e-tron-sportback/battery-and-range/,https://www.audi.co.uk/en/models/q4/q4-e-tron-sportback/battery-and-range/?d_alpha=true
https://www.audi.co.uk/en/models/a6-e-tron/s6-avant-e-tron/configurator/,https://www.audi.co.uk/en/models/a6-e-tron/s6-avant-e-tron/configurator/?d_alpha=true
https://www.audi.co.uk/en/models/q6-e-tron/sq6-e-tron/design-and-specification/,https://www.audi.co.uk/en/models/q6-e-tron/sq6-e-tron/design-and-specification/?d_alpha=true
https://www.audi.co.uk/en/electric/charging-near-me/,https://www.audi.co.uk/en/electric/charging-near-me/?d_alpha=true
https://www.audi.co.uk/en/owners/,https://www.audi.co.uk/en/owners/?d_alpha=true
https://www.audi.co.uk/en/models/q5/forms/pre-book-test-drive/,https://www.audi.co.uk/en/models/q5/forms/pre-book-test-drive/?d_alpha=true
https://www.audi.co.uk/en/owners/audi-connect/faqs/touch-screen/,https://www.audi.co.uk/en/owners/audi-connect/faqs/touch-screen/?d_alpha=true
https://www.audi.co.uk/en/models/a5/a5-avant-e-hybrid/configurator/,https://www.audi.co.uk/en/models/a5/a5-avant-e-hybrid/configurator/?d_alpha=true
https://www.audi.co.uk/en/electric/e-tron/video-guides/charging/when-to-charge-video/,https://www.audi.co.uk/en/electric/e-tron/video-guides/charging/when-to-charge-video/?d_alpha=true
https://www.audi.co.uk/en/owners/terms-and-conditions/functions-on-demand-2/,https://www.audi.co.uk/en/owners/terms-and-conditions/functions-on-demand-2/?d_alpha=true
https://www.audi.co.uk/en/models/q6-e-tron/q6-sportback-e-tron/,https://www.audi.co.uk/en/models/q6-e-tron/q6-sportback-e-tron/?d_alpha=true
https://www.audi.co.uk/en/legal-and-privacy/privacy-statement/my-audi-portal/,https://www.audi.co.uk/en/legal-and-privacy/privacy-statement/my-audi-portal/?d_alpha=true
https://www.audi.co.uk/en/models/a8/a8-l/,https://www.audi.co.uk/en/models/a8/a8-l/?d_alpha=true
https://www.audi.co.uk/en/models/q4/q4-e-tron/configurator/,https://www.audi.co.uk/en/models/q4/q4-e-tron/configurator/?d_alpha=true
https://www.audi.co.uk/en/models/etrongt/audi-s-e-tron-gt/battery-and-range/,https://www.audi.co.uk/en/models/etrongt/audi-s-e-tron-gt/battery-and-range/?d_alpha=true
https://www.audi.co.uk/en/models/a6-e-tron/s6-sportback-e-tron/configurator/,https://www.audi.co.uk/en/models/a6-e-tron/s6-sportback-e-tron/configurator/?d_alpha=true
https://www.audi.co.uk/en/models/q6-e-tron/sq6-sportback-e-tron/configurator/,https://www.audi.co.uk/en/models/q6-e-tron/sq6-sportback-e-tron/configurator/?d_alpha=true
https://www.audi.co.uk/en/models/a5/a5-saloon/configurator/,https://www.audi.co.uk/en/models/a5/a5-saloon/configurator/?d_alpha=true
https://www.audi.co.uk/en/owners/servicing/service-plans/audi-complete/,https://www.audi.co.uk/en/owners/servicing/service-plans/audi-complete/?d_alpha=true
https://www.audi.co.uk/en/used-cars/why-buy-approved/,https://www.audi.co.uk/en/used-cars/why-buy-approved/?d_alpha=true
https://www.audi.co.uk/en/electric/e-tron/video-guides/charging/charging-service-video/,https://www.audi.co.uk/en/electric/e-tron/video-guides/charging/charging-service-video/?d_alpha=true
https://www.audi.co.uk/en/models/etrongt/audi-s-e-tron-gt/design-and-specification/,https://www.audi.co.uk/en/models/etrongt/audi-s-e-tron-gt/design-and-specification/?d_alpha=true
https://www.audi.co.uk/en/models/q4/q4-e-tron/battery-and-range/,https://www.audi.co.uk/en/models/q4/q4-e-tron/battery-and-range/?d_alpha=true
https://www.audi.co.uk/en/models/a5/s5-avant/,https://www.audi.co.uk/en/models/a5/s5-avant/?d_alpha=true
https://www.audi.co.uk/en/electric/e-tron/video-guides/walk-around/,https://www.audi.co.uk/en/electric/e-tron/video-guides/walk-around/?d_alpha=true
https://www.audi.co.uk/en/myaudi/legal-ag/,https://www.audi.co.uk/en/myaudi/legal-ag/?d_alpha=true
https://www.audi.co.uk/en/models/etrongt/audi-e-tron-gt/,https://www.audi.co.uk/en/models/etrongt/audi-e-tron-gt/?d_alpha=true
https://www.audi.co.uk/en/owners/audi-connect/faqs/automatic-service-reminder/,https://www.audi.co.uk/en/owners/audi-connect/faqs/automatic-service-reminder/?d_alpha=true
https://www.audi.co.uk/en/audi-world/integrity-and-compliance/,https://www.audi.co.uk/en/audi-world/integrity-and-compliance/?d_alpha=true
https://www.audi.co.uk/en/owners/audi-connect/connect-services-by-model/configurator-q8/,https://www.audi.co.uk/en/owners/audi-connect/connect-services-by-model/configurator-q8/?d_alpha=true
https://www.audi.co.uk/en/owners/audi-connect/faqs/what-is-my-qr-code-card/,https://www.audi.co.uk/en/owners/audi-connect/faqs/what-is-my-qr-code-card/?d_alpha=true
https://www.audi.co.uk/en/models/etrongt/audi-e-tron-gt/design-and-specification/,https://www.audi.co.uk/en/models/etrongt/audi-e-tron-gt/design-and-specification/?d_alpha=true
https://www.audi.co.uk/en/models/a6-e-tron/s6-sportback-e-tron/design-and-specification/,https://www.audi.co.uk/en/models/a6-e-tron/s6-sportback-e-tron/design-and-specification/?d_alpha=true
https://www.audi.co.uk/en/models/q3/q3-sportback/configurator/,https://www.audi.co.uk/en/models/q3/q3-sportback/configurator/?d_alpha=true
https://www.audi.co.uk/en/models/q5/sq5-sportback/,https://www.audi.co.uk/en/models/q5/sq5-sportback/?d_alpha=true
https://www.audi.co.uk/en/models/q3/q3/my-25/,https://www.audi.co.uk/en/models/q3/q3/my-25/?d_alpha=true
https://www.audi.co.uk/en/owners/audi-connect/connect-services-by-model/configurator-a6/,https://www.audi.co.uk/en/owners/audi-connect/connect-services-by-model/configurator-a6/?d_alpha=true
https://www.audi.co.uk/en/models/q2/sq2/,https://www.audi.co.uk/en/models/q2/sq2/?d_alpha=true
https://www.audi.co.uk/en/owners/audi-connect/connect-services-by-model/configurator-a6-e-tron/,https://www.audi.co.uk/en/owners/audi-connect/connect-services-by-model/configurator-a6-e-tron/?d_alpha=true
https://www.audi.co.uk/en/models/a8/s8/configurator/,https://www.audi.co.uk/en/models/a8/s8/configurator/?d_alpha=true
https://www.audi.co.uk/en/models/a6/rs-6-avant-gt/,https://www.audi.co.uk/en/models/a6/rs-6-avant-gt/?d_alpha=true
https://www.audi.co.uk/en/models/q5/q5-sportback-e-hybrid/,https://www.audi.co.uk/en/models/q5/q5-sportback-e-hybrid/?d_alpha=true
https://www.audi.co.uk/en/models/q5/sq5/,https://www.audi.co.uk/en/models/q5/sq5/?d_alpha=true
https://www.audi.co.uk/en/find-and-buy/finance-and-offers/ch-contract-hire/layers/pch-a5-saloon/,https://www.audi.co.uk/en/find-and-buy/finance-and-offers/ch-contract-hire/layers/pch-a5-saloon/?d_alpha=true
https://www.audi.co.uk/en/models/q7/q7/configurator/,https://www.audi.co.uk/en/models/q7/q7/configurator/?d_alpha=true
https://www.audi.co.uk/en/owners/terms-and-conditions/data-protection/,https://www.audi.co.uk/en/owners/terms-and-conditions/data-protection/?d_alpha=true
https://www.audi.co.uk/en/legal-and-privacy/values-terms-and-conditions/bev/,https://www.audi.co.uk/en/legal-and-privacy/values-terms-and-conditions/bev/?d_alpha=true
https://www.audi.co.uk/en/electric/faqs/finance/,https://www.audi.co.uk/en/electric/faqs/finance/?d_alpha=true
https://www.audi.co.uk/en/owners/roadside-assistance-and-insurance/,https://www.audi.co.uk/en/owners/roadside-assistance-and-insurance/?d_alpha=true
https://www.audi.co.uk/en/owners/audi-connect/faqs/audi-hotspot/,https://www.audi.co.uk/en/owners/audi-connect/faqs/audi-hotspot/?d_alpha=true
https://www.audi.co.uk/en/electric/e-tron/video-guides/,https://www.audi.co.uk/en/electric/e-tron/video-guides/?d_alpha=true
https://www.audi.co.uk/en/models/q3/q3/register-your-interest/,https://www.audi.co.uk/en/models/q3/q3/register-your-interest/?d_alpha=true
https://www.audi.co.uk/en/models/q8/q8/configurator/,https://www.audi.co.uk/en/models/q8/q8/configurator/?d_alpha=true
https://www.audi.co.uk/en/find-and-buy/business-and-fleet/fleet-managers/salary-sacrifice/,https://www.audi.co.uk/en/find-and-buy/business-and-fleet/fleet-managers/salary-sacrifice/?d_alpha=true
https://www.audi.co.uk/en/models/etrongt/audi-s-e-tron-gt/,https://www.audi.co.uk/en/models/etrongt/audi-s-e-tron-gt/?d_alpha=true
https://www.audi.co.uk/en/models/q8/rsq8/configurator/,https://www.audi.co.uk/en/models/q8/rsq8/configurator/?d_alpha=true
https://www.audi.co.uk/en/models/a6-e-tron/a6-sportback-e-tron/layers/battery-and-range/,https://www.audi.co.uk/en/models/a6-e-tron/a6-sportback-e-tron/layers/battery-and-range/?d_alpha=true
https://www.audi.co.uk/en/models/a6-e-tron/s6-avant-e-tron/finance-and-offers/,https://www.audi.co.uk/en/models/a6-e-tron/s6-avant-e-tron/finance-and-offers/?d_alpha=true
https://www.audi.co.uk/en/owners/audi-connect/faqs/how-to-use-key-tag/,https://www.audi.co.uk/en/owners/audi-connect/faqs/how-to-use-key-tag/?d_alpha=true
https://www.audi.co.uk/en/models/q3/q3/configurator/,https://www.audi.co.uk/en/models/q3/q3/configurator/?d_alpha=true
https://www.audi.co.uk/en/models/q6-e-tron/sq6-sportback-e-tron/,https://www.audi.co.uk/en/models/q6-e-tron/sq6-sportback-e-tron/?d_alpha=true
https://www.audi.co.uk/en/models/q6-e-tron/q6-e-tron/finance-and-offers/,https://www.audi.co.uk/en/models/q6-e-tron/q6-e-tron/finance-and-offers/?d_alpha=true
https://www.audi.co.uk/en/models/a3/s3-sportback/configurator/,https://www.audi.co.uk/en/models/a3/s3-sportback/configurator/?d_alpha=true
https://www.audi.co.uk/en/models/etrongt/e-tron-gt-range/,https://www.audi.co.uk/en/models/etrongt/e-tron-gt-range/?d_alpha=true
https://www.audi.co.uk/en/models/q8/rsq8-performance/configurator/,https://www.audi.co.uk/en/models/q8/rsq8-performance/configurator/?d_alpha=true
https://www.audi.co.uk/en/electric/driving-range-calculator/,https://www.audi.co.uk/en/electric/driving-range-calculator/?d_alpha=true
https://www.audi.co.uk/en/models/q5/q5-e-hybrid/configurator/,https://www.audi.co.uk/en/models/q5/q5-e-hybrid/configurator/?d_alpha=true
https://www.audi.co.uk/en/models/a3/rs-3-saloon/,https://www.audi.co.uk/en/models/a3/rs-3-saloon/?d_alpha=true
https://www.audi.co.uk/en/discover/technology/,https://www.audi.co.uk/en/discover/technology/?d_alpha=true
https://www.audi.co.uk/en/electric/e-tron/video-guides/charging/cable-video/,https://www.audi.co.uk/en/electric/e-tron/video-guides/charging/cable-video/?d_alpha=true
https://www.audi.co.uk/en/models/sportback/,https://www.audi.co.uk/en/models/sportback/?d_alpha=true
https://www.audi.co.uk/en/find-and-buy/finance-and-offers/ch-contract-hire/layers/pch-q6-e-tron/,https://www.audi.co.uk/en/find-and-buy/finance-and-offers/ch-contract-hire/layers/pch-q6-e-tron/?d_alpha=true
https://www.audi.co.uk/en/models/q4/q4-e-tron-sportback/configurator/,https://www.audi.co.uk/en/models/q4/q4-e-tron-sportback/configurator/?d_alpha=true
https://www.audi.co.uk/en/legal-and-privacy/privacy-statement/,https://www.audi.co.uk/en/legal-and-privacy/privacy-statement/?d_alpha=true
https://www.audi.co.uk/en/owners/audi-connect/faqs/how-do-i-find-vin/,https://www.audi.co.uk/en/owners/audi-connect/faqs/how-do-i-find-vin/?d_alpha=true
https://www.audi.co.uk/en/owners/audi-connect/connect-services-by-model/configurator-a8/,https://www.audi.co.uk/en/owners/audi-connect/connect-services-by-model/configurator-a8/?d_alpha=true
https://www.audi.co.uk/en/models/a6-e-tron/a6-sportback-e-tron/finance-and-offers/,https://www.audi.co.uk/en/models/a6-e-tron/a6-sportback-e-tron/finance-and-offers/?d_alpha=true
https://www.audi.co.uk/en/owners/audi-connect/connect-infotainment/,https://www.audi.co.uk/en/owners/audi-connect/connect-infotainment/?d_alpha=true
https://www.audi.co.uk/en/owners/terms-and-conditions/,https://www.audi.co.uk/en/owners/terms-and-conditions/?d_alpha=true
https://www.audi.co.uk/en/models/q6-e-tron/q6-sportback-e-tron/configurator/,https://www.audi.co.uk/en/models/q6-e-tron/q6-sportback-e-tron/configurator/?d_alpha=true
https://www.audi.co.uk/en/models/q5/q5-sportback-e-hybrid/configurator/,https://www.audi.co.uk/en/models/q5/q5-sportback-e-hybrid/configurator/?d_alpha=true
https://www.audi.co.uk/en/models/etrongt/audi-e-tron-gt/configurator/,https://www.audi.co.uk/en/models/etrongt/audi-e-tron-gt/configurator/?d_alpha=true
https://www.audi.co.uk/en/owners/audi-connect/connect-services-by-model/configurator-q7/,https://www.audi.co.uk/en/owners/audi-connect/connect-services-by-model/configurator-q7/?d_alpha=true
https://www.audi.co.uk/en/find-and-buy/finance-and-offers/personal-contract-plan/a6-avant/,https://www.audi.co.uk/en/find-and-buy/finance-and-offers/personal-contract-plan/a6-avant/?d_alpha=true
https://www.audi.co.uk/en/models/a6-e-tron/s6-sportback-e-tron/,https://www.audi.co.uk/en/models/a6-e-tron/s6-sportback-e-tron/?d_alpha=true
https://www.audi.co.uk/en/models/a8/a8/configurator/,https://www.audi.co.uk/en/models/a8/a8/configurator/?d_alpha=true
https://www.audi.co.uk/en/models/a1/a1-sportback/configurator/,https://www.audi.co.uk/en/models/a1/a1-sportback/configurator/?d_alpha=true
https://www.audi.co.uk/en/models/q6-e-tron/q6-e-tron/design-and-specification/,https://www.audi.co.uk/en/models/q6-e-tron/q6-e-tron/design-and-specification/?d_alpha=true
https://www.audi.co.uk/en/legal-and-privacy/audi-digital-giveaway/,https://www.audi.co.uk/en/legal-and-privacy/audi-digital-giveaway/?d_alpha=true
https://www.audi.co.uk/en/models/q8/q8-tfsi-e/layers/battery-and-range/,https://www.audi.co.uk/en/models/q8/q8-tfsi-e/layers/battery-and-range/?d_alpha=true
https://www.audi.co.uk/en/models/etrongt/audi-rs-e-tron-gt-performance/battery-and-range/,https://www.audi.co.uk/en/models/etrongt/audi-rs-e-tron-gt-performance/battery-and-range/?d_alpha=true
https://www.audi.co.uk/en/audi-centres-list/,https://www.audi.co.uk/en/audi-centres-list/?d_alpha=true
https://www.audi.co.uk/en/owners/audi-connect/connect-services-by-model/configurator-q2/,https://www.audi.co.uk/en/owners/audi-connect/connect-services-by-model/configurator-q2/?d_alpha=true
https://www.audi.co.uk/en/legal-and-privacy/values-terms-and-conditions/ice/,https://www.audi.co.uk/en/legal-and-privacy/values-terms-and-conditions/ice/?d_alpha=true
https://www.audi.co.uk/en/models/a5/forms/pre-book-test-drive/,https://www.audi.co.uk/en/models/a5/forms/pre-book-test-drive/?d_alpha=true
https://www.audi.co.uk/en/models/a5/a5-range/,https://www.audi.co.uk/en/models/a5/a5-range/?d_alpha=true
https://www.audi.co.uk/en/find-and-buy/finance-and-offers/ch-contract-hire/layers/pch-s3-sportback/,https://www.audi.co.uk/en/find-and-buy/finance-and-offers/ch-contract-hire/layers/pch-s3-sportback/?d_alpha=true
https://www.audi.co.uk/en/find-and-buy/finance-and-offers/personal-contract-plan/a5-saloon-s-line/,https://www.audi.co.uk/en/find-and-buy/finance-and-offers/personal-contract-plan/a5-saloon-s-line/?d_alpha=true
https://www.audi.co.uk/en/discover/lifestyle/progressive-partners/sky-sports-f1/keep-me-informed/,https://www.audi.co.uk/en/discover/lifestyle/progressive-partners/sky-sports-f1/keep-me-informed/?d_alpha=true
https://www.audi.co.uk/en/models/a6-e-tron/a6-sportback-e-tron/battery-and-range/,https://www.audi.co.uk/en/models/a6-e-tron/a6-sportback-e-tron/battery-and-range/?d_alpha=true
https://www.audi.co.uk/en/owners/audi-connect/connect-services-by-model/configurator-e-tron-gt/,https://www.audi.co.uk/en/owners/audi-connect/connect-services-by-model/configurator-e-tron-gt/?d_alpha=true
https://www.audi.co.uk/en/models/a5/s5-saloon/configurator/,https://www.audi.co.uk/en/models/a5/s5-saloon/configurator/?d_alpha=true
https://www.audi.co.uk/en/models/a3/a3-saloon/configurator/,https://www.audi.co.uk/en/models/a3/a3-saloon/configurator/?d_alpha=true
https://www.audi.co.uk/en/owners/terms-and-conditions/infotainment-service-2/,https://www.audi.co.uk/en/owners/terms-and-conditions/infotainment-service-2/?d_alpha=true
https://www.audi.co.uk/en/find-and-buy/business-and-fleet/company-car-drivers/,https://www.audi.co.uk/en/find-and-buy/business-and-fleet/company-car-drivers/?d_alpha=true
https://www.audi.co.uk/en/models/q3/q3-e-hybrid/register-your-interest/,https://www.audi.co.uk/en/models/q3/q3-e-hybrid/register-your-interest/?d_alpha=true
https://www.audi.co.uk/en/owners/audi-connect/faqs/connect-licence/,https://www.audi.co.uk/en/owners/audi-connect/faqs/connect-licence/?d_alpha=true
https://www.audi.co.uk/en/models/q8/q8-tfsi-e/,https://www.audi.co.uk/en/models/q8/q8-tfsi-e/?d_alpha=true
https://www.audi.co.uk/en/find-and-buy/finance-and-offers/ch-contract-hire/layers/a3-sportback-sport-40/,https://www.audi.co.uk/en/find-and-buy/finance-and-offers/ch-contract-hire/layers/a3-sportback-sport-40/?d_alpha=true
https://www.audi.co.uk/en/models/etrongt/audi-s-e-tron-gt/finance-and-offers/,https://www.audi.co.uk/en/models/etrongt/audi-s-e-tron-gt/finance-and-offers/?d_alpha=true
https://www.audi.co.uk/en/models/q5/q5/configurator/,https://www.audi.co.uk/en/models/q5/q5/configurator/?d_alpha=true
https://www.audi.co.uk/en/discover/lifestyle/,https://www.audi.co.uk/en/discover/lifestyle/?d_alpha=true
https://www.audi.co.uk/en/find-and-buy/business-and-fleet/fleet-range/,https://www.audi.co.uk/en/find-and-buy/business-and-fleet/fleet-range/?d_alpha=true
https://www.audi.co.uk/en/models/etrongt/audi-rs-e-tron-gt-performance/configurator/,https://www.audi.co.uk/en/models/etrongt/audi-rs-e-tron-gt-performance/configurator/?d_alpha=true
https://www.audi.co.uk/en/models/a8/a8-tfsi-e/layers/battery-layer/,https://www.audi.co.uk/en/models/a8/a8-tfsi-e/layers/battery-layer/?d_alpha=true
https://www.audi.co.uk/en/models/q6-e-tron/q6-sportback-e-tron/design-and-specification/,https://www.audi.co.uk/en/models/q6-e-tron/q6-sportback-e-tron/design-and-specification/?d_alpha=true
https://www.audi.co.uk/en/find-and-buy/finance-and-offers/ch-contract-hire/layers/a-6-sportback-e-tron/,https://www.audi.co.uk/en/find-and-buy/finance-and-offers/ch-contract-hire/layers/a-6-sportback-e-tron/?d_alpha=true
https://www.audi.co.uk/en/models/etrongt/audi-s-e-tron-gt/configurator/,https://www.audi.co.uk/en/models/etrongt/audi-s-e-tron-gt/configurator/?d_alpha=true
https://www.audi.co.uk/en/models/a5/a5-saloon-e-hybrid/,https://www.audi.co.uk/en/models/a5/a5-saloon-e-hybrid/?d_alpha=true
https://www.audi.co.uk/en/models/etrongt/audi-rs-e-tron-gt-performance/,https://www.audi.co.uk/en/models/etrongt/audi-rs-e-tron-gt-performance/?d_alpha=true
https://www.audi.co.uk/en/owners/audi-connect/faqs/touch-screen/qr-code-card/,https://www.audi.co.uk/en/owners/audi-connect/faqs/touch-screen/qr-code-card/?d_alpha=true
https://www.audi.co.uk/en/find-and-buy/finance-and-offers/ch-contract-hire/pch-q4-e-tron-s-line-45/,https://www.audi.co.uk/en/find-and-buy/finance-and-offers/ch-contract-hire/pch-q4-e-tron-s-line-45/?d_alpha=true
https://www.audi.co.uk/en/owners/audi-connect/faqs/non-touch-screen/,https://www.audi.co.uk/en/owners/audi-connect/faqs/non-touch-screen/?d_alpha=true
https://www.audi.co.uk/en/models/a8/a8/,https://www.audi.co.uk/en/models/a8/a8/?d_alpha=true
https://www.audi.co.uk/en/models/a6/a6-saloon-e-hybrid/,https://www.audi.co.uk/en/models/a6/a6-saloon-e-hybrid/?d_alpha=true
https://www.audi.co.uk/en/owners/servicing/0-percent-finance/,https://www.audi.co.uk/en/owners/servicing/0-percent-finance/?d_alpha=true
https://www.audi.co.uk/en/owners/audi-connect/connect-services-by-model/configurator-a4/,https://www.audi.co.uk/en/owners/audi-connect/connect-services-by-model/configurator-a4/?d_alpha=true
https://www.audi.co.uk/en/models/q4/q4-e-tron/design-and-specification/,https://www.audi.co.uk/en/models/q4/q4-e-tron/design-and-specification/?d_alpha=true
https://www.audi.co.uk/en/models/q6-e-tron/q6-e-tron/battery-and-range/,https://www.audi.co.uk/en/models/q6-e-tron/q6-e-tron/battery-and-range/?d_alpha=true
https://www.audi.co.uk/en/models/a6-e-tron/s6-sportback-e-tron/battery-and-range/,https://www.audi.co.uk/en/models/a6-e-tron/s6-sportback-e-tron/battery-and-range/?d_alpha=true
https://www.audi.co.uk/en/models/a5/a5-saloon-e-hybrid/configurator/,https://www.audi.co.uk/en/models/a5/a5-saloon-e-hybrid/configurator/?d_alpha=true
https://www.audi.co.uk/en/models/a6/a6-avant-e-hybrid/,https://www.audi.co.uk/en/models/a6/a6-avant-e-hybrid/?d_alpha=true
https://www.audi.co.uk/en/electric/faqs/,https://www.audi.co.uk/en/electric/faqs/?d_alpha=true
https://www.audi.co.uk/en/owners/audi-connect/faqs/non-touch-screen-a1-a3-a6-a7-a8-q3/,https://www.audi.co.uk/en/owners/audi-connect/faqs/non-touch-screen-a1-a3-a6-a7-a8-q3/?d_alpha=true
https://www.audi.co.uk/en/owners/terms-and-conditions/infotainment-service/,https://www.audi.co.uk/en/owners/terms-and-conditions/infotainment-service/?d_alpha=true
https://www.audi.co.uk/en/models/a3/a3-saloon/,https://www.audi.co.uk/en/models/a3/a3-saloon/?d_alpha=true
https://www.audi.co.uk/en/models/q2/sq2/configurator/,https://www.audi.co.uk/en/models/q2/sq2/configurator/?d_alpha=true
https://www.audi.co.uk/en/models/q6-e-tron/sq6-e-tron/battery-and-range/,https://www.audi.co.uk/en/models/q6-e-tron/sq6-e-tron/battery-and-range/?d_alpha=true
https://www.audi.co.uk/en/audi-world/wltp/,https://www.audi.co.uk/en/audi-world/wltp/?d_alpha=true
https://www.audi.co.uk/en/owners/audi-connect/connect-services-by-model/configurator-a1/,https://www.audi.co.uk/en/owners/audi-connect/connect-services-by-model/configurator-a1/?d_alpha=true
https://www.audi.co.uk/en/owners/audi-connect/faqs/tt-r8/,https://www.audi.co.uk/en/owners/audi-connect/faqs/tt-r8/?d_alpha=true
https://www.audi.co.uk/en/models/q6-e-tron/sq6-e-tron/finance-and-offers/,https://www.audi.co.uk/en/models/q6-e-tron/sq6-e-tron/finance-and-offers/?d_alpha=true
https://www.audi.co.uk/en/models/a6/a6-avant-e-hybrid/configurator/,https://www.audi.co.uk/en/models/a6/a6-avant-e-hybrid/configurator/?d_alpha=true
https://www.audi.co.uk/en/electric/faqs/home-charging/,https://www.audi.co.uk/en/electric/faqs/home-charging/?d_alpha=true
https://www.audi.co.uk/en/electric/e-tron/video-guides/charging/charging-stations-video/,https://www.audi.co.uk/en/electric/e-tron/video-guides/charging/charging-stations-video/?d_alpha=true
https://www.audi.co.uk/en/electric/faqs/servicing/,https://www.audi.co.uk/en/electric/faqs/servicing/?d_alpha=true
https://www.audi.co.uk/en/models/etrongt/audi-rs-e-tron-gt-performance/finance-and-offers/,https://www.audi.co.uk/en/models/etrongt/audi-rs-e-tron-gt-performance/finance-and-offers/?d_alpha=true
https://www.audi.co.uk/en/models/q6-e-tron/sq6-sportback-e-tron/finance-and-offers/,https://www.audi.co.uk/en/models/q6-e-tron/sq6-sportback-e-tron/finance-and-offers/?d_alpha=true
https://www.audi.co.uk/en/electric/e-tron/video-guides/charging/,https://www.audi.co.uk/en/electric/e-tron/video-guides/charging/?d_alpha=true
https://www.audi.co.uk/en/models/a6-e-tron/s6-sportback-e-tron/finance-and-offers/,https://www.audi.co.uk/en/models/a6-e-tron/s6-sportback-e-tron/finance-and-offers/?d_alpha=true
https://www.audi.co.uk/en/find-and-buy/finance-and-offers/personal-contract-plan/q4-e-tron/,https://www.audi.co.uk/en/find-and-buy/finance-and-offers/personal-contract-plan/q4-e-tron/?d_alpha=true
https://www.audi.co.uk/en/models/q7/q7-tfsi-e/,https://www.audi.co.uk/en/models/q7/q7-tfsi-e/?d_alpha=true
https://www.audi.co.uk/en/discover/performance/sport/,https://www.audi.co.uk/en/discover/performance/sport/?d_alpha=true
https://www.audi.co.uk/en/electric/e-tron/video-guides/charging/public-chargers-video/,https://www.audi.co.uk/en/electric/e-tron/video-guides/charging/public-chargers-video/?d_alpha=true
https://www.audi.co.uk/en/models/a8/s8/,https://www.audi.co.uk/en/models/a8/s8/?d_alpha=true
https://www.audi.co.uk/en/electric/e-tron/video-guides/maximising-range/maximising-range-video/,https://www.audi.co.uk/en/electric/e-tron/video-guides/maximising-range/maximising-range-video/?d_alpha=true
https://www.audi.co.uk/en/models/a3/s3-sportback/,https://www.audi.co.uk/en/models/a3/s3-sportback/?d_alpha=true
https://www.audi.co.uk/en/electric/e-tron/video-guides/remote-features/setting-myAudi-video/,https://www.audi.co.uk/en/electric/e-tron/video-guides/remote-features/setting-myAudi-video/?d_alpha=true
https://www.audi.co.uk/en/models/a6-e-tron/s6-avant-e-tron/design-and-specification/,https://www.audi.co.uk/en/models/a6-e-tron/s6-avant-e-tron/design-and-specification/?d_alpha=true
https://www.audi.co.uk/en/electric/e-tron/video-guides/walk-around/ev-dashboards-video/,https://www.audi.co.uk/en/electric/e-tron/video-guides/walk-around/ev-dashboards-video/?d_alpha=true
https://www.audi.co.uk/en/find-and-buy/finance-and-offers/personal-contract-plan/q3-s-line-35-tfsi-s-tronic/,https://www.audi.co.uk/en/find-and-buy/finance-and-offers/personal-contract-plan/q3-s-line-35-tfsi-s-tronic/?d_alpha=true
https://www.audi.co.uk/en/owners/audi-connect/connect-services-by-model/configurator-a5/,https://www.audi.co.uk/en/owners/audi-connect/connect-services-by-model/configurator-a5/?d_alpha=true
https://www.audi.co.uk/en/models/etrongt/audi-rs-e-tron-gt-performance/design-and-specification/,https://www.audi.co.uk/en/models/etrongt/audi-rs-e-tron-gt-performance/design-and-specification/?d_alpha=true
https://www.audi.co.uk/en/models/a3/s3-saloon/configurator/,https://www.audi.co.uk/en/models/a3/s3-saloon/configurator/?d_alpha=true
https://www.audi.co.uk/en/models/etrongt/forms/pre-book-test-drive/,https://www.audi.co.uk/en/models/etrongt/forms/pre-book-test-drive/?d_alpha=true
https://www.audi.co.uk/en/models/eu-tyre-label/,https://www.audi.co.uk/en/models/eu-tyre-label/?d_alpha=true
https://www.audi.co.uk/en/assistance/airbag-safety-recall/,https://www.audi.co.uk/en/assistance/airbag-safety-recall/?d_alpha=true
https://www.audi.co.uk/en/audi-world/who-regulates-us/,https://www.audi.co.uk/en/audi-world/who-regulates-us/?d_alpha=true
https://www.audi.co.uk/en/models/a6/a6-saloon/configurator/,https://www.audi.co.uk/en/models/a6/a6-saloon/configurator/?d_alpha=true
https://www.audi.co.uk/en/electric/faqs/myaudi/,https://www.audi.co.uk/en/electric/faqs/myaudi/?d_alpha=true
https://www.audi.co.uk/en/electric/e-tron/video-guides/remote-features/,https://www.audi.co.uk/en/electric/e-tron/video-guides/remote-features/?d_alpha=true
https://www.audi.co.uk/en/electric/faqs/electric-range/,https://www.audi.co.uk/en/electric/faqs/electric-range/?d_alpha=true
https://www.audi.co.uk/en/models/a5/s5-saloon/,https://www.audi.co.uk/en/models/a5/s5-saloon/?d_alpha=true
https://www.audi.co.uk/en/models/a5/a5-saloon/,https://www.audi.co.uk/en/models/a5/a5-saloon/?d_alpha=true
https://www.audi.co.uk/en/owners/terms-and-conditions/functions-on-demand-privacy-statement/,https://www.audi.co.uk/en/owners/terms-and-conditions/functions-on-demand-privacy-statement/?d_alpha=true
https://www.audi.co.uk/en/models/q8/sq8/configurator/,https://www.audi.co.uk/en/models/q8/sq8/configurator/?d_alpha=true
https://www.audi.co.uk/en/owners/terms-and-conditions/safety-and-services/,https://www.audi.co.uk/en/owners/terms-and-conditions/safety-and-services/?d_alpha=true
https://www.audi.co.uk/en/models/q5/q5-sportback/configurator/,https://www.audi.co.uk/en/models/q5/q5-sportback/configurator/?d_alpha=true
https://www.audi.co.uk/en/owners/audi-connect/connect-services-by-model/configurator-q6-e-tron/,https://www.audi.co.uk/en/owners/audi-connect/connect-services-by-model/configurator-q6-e-tron/?d_alpha=true
https://www.audi.co.uk/en/models/a6/a6-avant-e-hybrid/pre-book-test-drive/,https://www.audi.co.uk/en/models/a6/a6-avant-e-hybrid/pre-book-test-drive/?d_alpha=true
https://www.audi.co.uk/en/audi-world/integrity-and-compliance/whistleblower-system/,https://www.audi.co.uk/en/audi-world/integrity-and-compliance/whistleblower-system/?d_alpha=true
https://www.audi.co.uk/en/discover/lifestyle/progressive-partners/wilderness/,https://www.audi.co.uk/en/discover/lifestyle/progressive-partners/wilderness/?d_alpha=true
https://www.audi.co.uk/en/electric/faqs/public-charging/,https://www.audi.co.uk/en/electric/faqs/public-charging/?d_alpha=true
https://www.audi.co.uk/en/models/etrongt/audi-e-tron-gt/finance-and-offers/,https://www.audi.co.uk/en/models/etrongt/audi-e-tron-gt/finance-and-offers/?d_alpha=true
https://www.audi.co.uk/en/models/a6/a6-range/,https://www.audi.co.uk/en/models/a6/a6-range/?d_alpha=true
https://www.audi.co.uk/en/models/a6-e-tron/a6-sportback-e-tron/configurator/,https://www.audi.co.uk/en/models/a6-e-tron/a6-sportback-e-tron/configurator/?d_alpha=true
https://www.audi.co.uk/en/models/a6-e-tron/a6-avant-e-tron/configurator/,https://www.audi.co.uk/en/models/a6-e-tron/a6-avant-e-tron/configurator/?d_alpha=true
https://www.audi.co.uk/en/legal-and-privacy/30-day-terms-conditions/,https://www.audi.co.uk/en/legal-and-privacy/30-day-terms-conditions/?d_alpha=true
https://www.audi.co.uk/en/models/a6/s6-saloon/,https://www.audi.co.uk/en/models/a6/s6-saloon/?d_alpha=true
https://www.audi.co.uk/en/owners/electric/,https://www.audi.co.uk/en/owners/electric/?d_alpha=true
https://www.audi.co.uk/en/models/q8/rsq8-performance/,https://www.audi.co.uk/en/models/q8/rsq8-performance/?d_alpha=true
https://www.audi.co.uk/en/find-and-buy/finance-and-offers/ch-contract-hire/layers/bch-q6-e-tron/,https://www.audi.co.uk/en/find-and-buy/finance-and-offers/ch-contract-hire/layers/bch-q6-e-tron/?d_alpha=true
https://www.audi.co.uk/en/models/q5/q5-sportback/,https://www.audi.co.uk/en/models/q5/q5-sportback/?d_alpha=true
https://www.audi.co.uk/en/find-and-buy/finance-and-offers/ch-contract-hire/layers/bch-q4-e-tron-s-line-45/,https://www.audi.co.uk/en/find-and-buy/finance-and-offers/ch-contract-hire/layers/bch-q4-e-tron-s-line-45/?d_alpha=true
https://www.audi.co.uk/en/find-and-buy/finance-and-offers/ch-contract-hire/layers/pch-a-6-sportback-e-tron/,https://www.audi.co.uk/en/find-and-buy/finance-and-offers/ch-contract-hire/layers/pch-a-6-sportback-e-tron/?d_alpha=true
https://www.audi.co.uk/en/models/q7/q7/,https://www.audi.co.uk/en/models/q7/q7/?d_alpha=true
https://www.audi.co.uk/en/electric/offers-and-incentives/ovo-energy/,https://www.audi.co.uk/en/electric/offers-and-incentives/ovo-energy/?d_alpha=true
https://www.audi.co.uk/en/models/q6-e-tron/sq6-sportback-e-tron/battery-and-range/,https://www.audi.co.uk/en/models/q6-e-tron/sq6-sportback-e-tron/battery-and-range/?d_alpha=true
https://www.audi.co.uk/en/models/q7/q7-tfsi-e/configurator/,https://www.audi.co.uk/en/models/q7/q7-tfsi-e/configurator/?d_alpha=true
https://www.audi.co.uk/en/models/a5/s5-avant/configurator/,https://www.audi.co.uk/en/models/a5/s5-avant/configurator/?d_alpha=true
https://www.audi.co.uk/en/register-for-updates/,https://www.audi.co.uk/en/register-for-updates/?d_alpha=true
https://www.audi.co.uk/en/audi-world/repair-partnering/,https://www.audi.co.uk/en/audi-world/repair-partnering/?d_alpha=true
https://www.audi.co.uk/en/models/etrongt/audi-rs-e-tron-gt/battery-and-range/,https://www.audi.co.uk/en/models/etrongt/audi-rs-e-tron-gt/battery-and-range/?d_alpha=true
https://www.audi.co.uk/en/find-and-buy/business-and-fleet/going-electric/,https://www.audi.co.uk/en/find-and-buy/business-and-fleet/going-electric/?d_alpha=true
https://www.audi.co.uk/en/electric/e-tron/video-guides/maximising-range/calculating-range-video/,https://www.audi.co.uk/en/electric/e-tron/video-guides/maximising-range/calculating-range-video/?d_alpha=true
https://www.audi.co.uk/en/owners/audi-connect/connect-services-by-model/,https://www.audi.co.uk/en/owners/audi-connect/connect-services-by-model/?d_alpha=true
https://www.audi.co.uk/en/models/a3/a3-tfsi-e/layers/battery-and-powertrain/,https://www.audi.co.uk/en/models/a3/a3-tfsi-e/layers/battery-and-powertrain/?d_alpha=true
https://www.audi.co.uk/en/models/q6-e-tron/q6-e-tron/configurator/,https://www.audi.co.uk/en/models/q6-e-tron/q6-e-tron/configurator/?d_alpha=true
https://www.audi.co.uk/en/owners/audi-connect/faqs/touch-screen/key-tag/,https://www.audi.co.uk/en/owners/audi-connect/faqs/touch-screen/key-tag/?d_alpha=true
https://www.audi.co.uk/en/models/a6/a6-saloon-e-hybrid/configurator/,https://www.audi.co.uk/en/models/a6/a6-saloon-e-hybrid/configurator/?d_alpha=true
https://www.audi.co.uk/en/models/q6-e-tron/sq6-e-tron/configurator/,https://www.audi.co.uk/en/models/q6-e-tron/sq6-e-tron/configurator/?d_alpha=true
https://www.audi.co.uk/en/models/q5/sq5-sportback/configurator/,https://www.audi.co.uk/en/models/q5/sq5-sportback/configurator/?d_alpha=true
https://www.audi.co.uk/en/models/a6/a6-avant/configurator/,https://www.audi.co.uk/en/models/a6/a6-avant/configurator/?d_alpha=true
https://www.audi.co.uk/en/models/q8/q8/,https://www.audi.co.uk/en/models/q8/q8/?d_alpha=true
https://www.audi.co.uk/en/models/a6-e-tron/a6-avant-e-tron/battery-and-range/,https://www.audi.co.uk/en/models/a6-e-tron/a6-avant-e-tron/battery-and-range/?d_alpha=true
https://www.audi.co.uk/en/discover/lifestyle/progressive-partners/wilderness/keep-me-informed/,https://www.audi.co.uk/en/discover/lifestyle/progressive-partners/wilderness/keep-me-informed/?d_alpha=true
https://www.audi.co.uk/en/find-and-buy/business-and-fleet/specialist-sales/,https://www.audi.co.uk/en/find-and-buy/business-and-fleet/specialist-sales/?d_alpha=true
https://www.audi.co.uk/en/find-and-buy/finance-and-offers/ch-contract-hire/layers/pch-q7/,https://www.audi.co.uk/en/find-and-buy/finance-and-offers/ch-contract-hire/layers/pch-q7/?d_alpha=true
https://www.audi.co.uk/en/models/etrongt/audi-rs-e-tron-gt/design-and-specification/,https://www.audi.co.uk/en/models/etrongt/audi-rs-e-tron-gt/design-and-specification/?d_alpha=true
https://www.audi.co.uk/en/models/a5/a5-avant-e-hybrid/,https://www.audi.co.uk/en/models/a5/a5-avant-e-hybrid/?d_alpha=true
https://www.audi.co.uk/en/models/a6-e-tron/a6-avant-e-tron/finance-and-offers/,https://www.audi.co.uk/en/models/a6-e-tron/a6-avant-e-tron/finance-and-offers/?d_alpha=true
https://www.audi.co.uk/en/electric/e-tron/video-guides/maximising-range/setting-recuperation-video/,https://www.audi.co.uk/en/electric/e-tron/video-guides/maximising-range/setting-recuperation-video/?d_alpha=true
https://www.audi.co.uk/en/models/etrongt/audi-e-tron-gt/battery-and-range/,https://www.audi.co.uk/en/models/etrongt/audi-e-tron-gt/battery-and-range/?d_alpha=true
