	
/content/dam/country/uk/en/owners/audi-connect/connect-services-by-model/configurator-q3/index
ğŸŒ
Î±
âš  Not ready: fa-editorial-table-aemh
MODIFIED	No Priority	200	ğŸŸ¡ Partially Alpha Ready	07/02/2025	10	7	10	0	2086	0.037ms
â–¶	
/content/dam/country/uk/en/owners/audi-connect/faqs/myaudi-profile/index
ğŸŒ
Î±
âš  Not ready: accordion
PUBLISHED	No Priority	200	ğŸŸ¡ Partially Alpha Ready	25/09/2025	5	3	5	0	394	0.035ms
â–¶	
/content/dam/country/uk/en/electric/e-tron/video-guides/remote-features/remote-features-video/index
ğŸŒ
Î±
MODIFIED	No Priority	200	ğŸŸ¢ Fully Alpha Ready	08/12/2024	1	1	1	0	245	0.038ms
â–¶	
/content/dam/country/uk/en/models/q5/sq5/configurator/index
ğŸŒ
Î±
PUBLISHED	No Priority	200	ğŸŸ¢ Fully Alpha Ready	21/03/2025	1	1	1	0	163	0.045ms
â–¶	
/content/dam/country/uk/en/models/a3/s3-saloon/index
ğŸŒ
Î±
âš  Not ready: fa-location-search, fa-stock-carousel
PUBLISHED	No Priority	200	ğŸŸ¡ Partially Alpha Ready	01/09/2025	29	27	29	0	1522	0.038ms
â–¶	
/content/dam/country/uk/en/find-and-buy/finance-and-offers/personal-contract-plan/a3-sportback-sport/index
ğŸŒ
Î±
âš  Not ready: fa-editorial-table-aemh
PUBLISHED	No Priority	200	ğŸŸ¡ Partially Alpha Ready	07/08/2025	5	4	5	0	358	0.041ms
â–¶	
/content/dam/country/uk/en/models/a8/a8-l/configurator/index
ğŸŒ
Î±
PUBLISHED	No Priority	200	ğŸŸ¢ Fully Alpha Ready	14/02/2025	1	1	1	0	163	0.039ms
â–¶	
/content/dam/country/uk/en/owners/audi-connect/faqs/q2/index
ğŸŒ
Î±
PUBLISHED	No Priority	200	ğŸŸ¢ Fully Alpha Ready	25/09/2025	12	11	12	0	759	0.105ms
â–¶	
/content/dam/country/uk/en/models/a8/a8-tfsi-e/configurator/index
ğŸŒ
Î±
PUBLISHED	No Priority	200	ğŸŸ¢ Fully Alpha Ready	14/02/2025	1	1	1	0	163	0.071ms
â–¶	
/content/dam/country/uk/en/models/a8/a8-l-tfsi-e/index
ğŸŒ
Î±
âš  Not ready: fa-location-search, fa-stock-carousel
PUBLISHED	No Priority	200	ğŸŸ¡ Partially Alpha Ready	01/09/2025	37	35	37	0	1944	0.034ms
â–¶	
/content/dam/country/uk/en/models/a6-e-tron/a6-avant-e-tron/design-and-specification/index
ğŸŒ
Î±
PUBLISHED	No Priority	200	ğŸŸ¢ Fully Alpha Ready	28/08/2025	18	18	18	0	1293	0.035ms
â–¶	
/content/dam/country/uk/en/find-and-buy/finance-and-offers/ch-contract-hire/layers/bch-s3-sportback/index
ğŸŒ
Î±
âš  Not ready: fa-editorial-table-aemh
PUBLISHED	No Priority	200	ğŸŸ¡ Partially Alpha Ready	01/07/2025	5	4	5	0	309	0.038ms
â–¶	
/content/dam/country/uk/en/electric/e-tron/video-guides/walk-around/starting-your-charge-video/index
ğŸŒ
Î±
MODIFIED	No Priority	200	ğŸŸ¢ Fully Alpha Ready	08/12/2024	1	1	1	0	217	0.03ms
â–¶	
/content/dam/country/uk/en/models/a8/a8-l-tfsi-e/layers/battery-and-powertrain/index
ğŸŒ
Î±
âš  Not ready: fa-editorial-table-aemh
PUBLISHED	No Priority	200	ğŸŸ¡ Partially Alpha Ready	23/11/2024	3	2	3	0	483	0.082ms
â–¶	
/content/dam/country/uk/en/owners/ev-service-and-maintenance/index
ğŸŒ
Î±
âš  Not ready: fa-editorial-table-aemh
MODIFIED	No Priority	200	ğŸŸ¡ Partially Alpha Ready	07/01/2025	12	7	12	0	488	0.052ms
â–¶	
/content/dam/country/uk/en/models/a5/a5-avant/configurator/index
ğŸŒ
Î±
PUBLISHED	No Priority	200	ğŸŸ¢ Fully Alpha Ready	14/02/2025	1	1	1	0	163	0.031ms
â–¶	
/content/dam/country/uk/en/models/q2/q2/configurator/index
ğŸŒ
Î±
PUBLISHED	No Priority	200	ğŸŸ¢ Fully Alpha Ready	27/02/2025	1	1	1	0	163	0.038ms
â–¶	
/content/dam/country/uk/en/find-and-buy/business-and-fleet/contact-us/index
ğŸŒ
Î±
âš  Not ready: fa-form-builder-core, fa-form-builder-personal-details, fa-form-builder-customer-details (+3 more)
MODIFIED	No Priority	200	ğŸŸ¡ Partially Alpha Ready	01/04/2025	8	2	8	0	226	0.03ms
â–¶	
/content/dam/country/uk/en/models/a8/a8-l-tfsi-e/configurator/index
ğŸŒ
Î±
PUBLISHED	No Priority	200	ğŸŸ¢ Fully Alpha Ready	14/02/2025	1	1	1	0	163	0.032ms
â–¶	
/content/dam/country/uk/en/owners/audi-connect/faqs/connect-licence-periods/index
ğŸŒ
Î±
PUBLISHED	No Priority	200	ğŸŸ¢ Fully Alpha Ready	25/09/2025	10	9	10	0	349	0.089ms
â–¶	
/content/dam/country/uk/en/models/q6-e-tron/sq6-e-tron/index
ğŸŒ
Î±
PUBLISHED	No Priority	200	ğŸŸ¢ Fully Alpha Ready	11/08/2025	13	13	13	0	485	0.07ms
â–¶	
/content/dam/country/uk/en/models/q3/q3-e-hybrid/index
ğŸŒ
Î±
PUBLISHED	No Priority	200	ğŸŸ¢ Fully Alpha Ready	09/09/2025	29	29	29	0	1728	0.032ms
â–¶	
/content/dam/country/uk/en/legal-and-privacy/social-media-consents/index
ğŸŒ
Î±
MODIFIED	No Priority	200	ğŸŸ¢ Fully Alpha Ready	07/11/2024	3	3	3	0	851	0.18ms
â–¶	
/content/dam/country/uk/en/electric/e-tron/video-guides/charging/public-charging-video/index
ğŸŒ
Î±
MODIFIED	No Priority	200	ğŸŸ¢ Fully Alpha Ready	08/12/2024	1	1	1	0	169	0.127ms
â–¶	
/content/dam/country/uk/en/models/q8/rsq8/index
ğŸŒ
Î±
âš  Not ready: fa-location-search, fa-stock-carousel
PUBLISHED	No Priority	200	ğŸŸ¡ Partially Alpha Ready	04/09/2025	26	24	26	0	1597	0.093ms
â–¶	
/content/dam/country/uk/en/models/q4/q4-e-tron/finance-and-offers/index
ğŸŒ
Î±
âš  Not ready: fa-location-search, fa-stock-carousel
PUBLISHED	No Priority	200	ğŸŸ¡ Partially Alpha Ready	01/09/2025	13	11	13	0	506	0.092ms
â–¶	
/content/dam/country/uk/en/owners/audi-connect/connect-services-by-model/configurator-a3/index
ğŸŒ
Î±
âš  Not ready: fa-editorial-table-aemh
MODIFIED	No Priority	200	ğŸŸ¡ Partially Alpha Ready	07/02/2025	11	7	11	0	2739	0.033ms
â–¶	
/content/dam/country/uk/en/audi-world/careers/index
ğŸŒ
Î±
MODIFIED	No Priority	200	ğŸŸ¢ Fully Alpha Ready	06/12/2024	6	6	6	0	456	0.048ms
â–¶	
/content/dam/country/uk/en/owners/audi-connect/connect-services-by-model/configurator-q8-e-tron/index
ğŸŒ
Î±
âš  Not ready: fa-editorial-table-aemh
UNPUBLISHED	No Priority	200	ğŸŸ¡ Partially Alpha Ready	11/08/2025	11	7	11	0	2571	0.035ms
â–¶	
/content/dam/country/uk/en/find-and-buy/finance-and-offers/personal-contract-plan/a6-avant-e-tron-performance/index
ğŸŒ
Î±
âš  Not ready: fa-editorial-table-aemh
PUBLISHED	No Priority	200	ğŸŸ¡ Partially Alpha Ready	07/08/2025	5	4	5	0	358	0.034ms
â–¶	
/content/dam/country/uk/en/call-me-back/index
ğŸŒ
Î±
âš  Not ready: fa-form-builder-core, fa-form-builder-model-selector, fa-form-builder-customer-details (+4 more)
PUBLISHED	No Priority	200	ğŸŸ¡ Partially Alpha Ready	06/12/2024	7	0	7	0	163	0.035ms
â–¶	
/content/dam/country/uk/en/electric/e-tron/video-guides/maximising-range/index
ğŸŒ
Î±
PUBLISHED	No Priority	200	ğŸŸ¢ Fully Alpha Ready	06/03/2025	11	11	11	0	395	0.074ms
â–¶	
/content/dam/country/uk/en/owners/servicing/service-plans/e-tron/index
ğŸŒ
Î±
MODIFIED	No Priority	200	ğŸŸ¢ Fully Alpha Ready	03/01/2025	8	8	8	0	898	0.132ms
â–¶	
/content/dam/country/uk/en/models/a8/a8-tfsi-e/index
ğŸŒ
Î±
âš  Not ready: fa-location-search, fa-stock-carousel
PUBLISHED	No Priority	200	ğŸŸ¡ Partially Alpha Ready	01/09/2025	37	35	37	0	1973	0.097ms
â–¶	
/content/dam/country/uk/en/models/a6/a6-avant/index
ğŸŒ
Î±
âš  Not ready: fa-location-search, fa-stock-carousel
PUBLISHED	No Priority	200	ğŸŸ¡ Partially Alpha Ready	04/09/2025	26	24	26	0	1954	0.04ms
â–¶	
/content/dam/country/uk/en/electric/faqs/ev-myths/index
ğŸŒ
Î±
âš  Not ready: accordion
MODIFIED	No Priority	200	ğŸŸ¡ Partially Alpha Ready	08/12/2024	3	2	3	0	1303	0.117ms
â–¶	
/content/dam/country/uk/en/models/a6-e-tron/s6-avant-e-tron/index
ğŸŒ
Î±
PUBLISHED	No Priority	200	ğŸŸ¢ Fully Alpha Ready	02/06/2025	12	12	12	0	634	0.097ms
â–¶	
/content/dam/country/uk/en/models/q4/q4-e-tron-sportback/finance-and-offers/index
ğŸŒ
Î±
âš  Not ready: fa-location-search, fa-stock-carousel
PUBLISHED	No Priority	200	ğŸŸ¡ Partially Alpha Ready	01/09/2025	13	11	13	0	444	0.041ms
â–¶	
/content/dam/country/uk/en/owners/audi-connect/connect-services-by-model/configurator-a7/index
ğŸŒ
Î±
âš  Not ready: fa-editorial-table-aemh
UNPUBLISHED	No Priority	200	ğŸŸ¡ Partially Alpha Ready	11/08/2025	10	7	10	0	2398	0.052ms
â–¶	
/content/dam/country/uk/en/legal-and-privacy/cookies/index
ğŸŒ
Î±
âš  Not ready: fa-editorial-table-aemh
MODIFIED	No Priority	200	ğŸŸ¡ Partially Alpha Ready	11/11/2024	15	10	15	0	4628	0.415ms
â–¶	
/content/dam/country/uk/en/models/q6-e-tron/q6-sportback-e-tron/battery-and-range/index
ğŸŒ
Î±
âš  Not ready: fa-ev-mini-tools, accordion
PUBLISHED	No Priority	200	ğŸŸ¡ Partially Alpha Ready	11/08/2025	14	12	14	0	1622	0.042ms
â–¶	
/content/dam/country/uk/en/models/q4/q4-e-tron-sportback/design-and-specification/index
ğŸŒ
Î±
PUBLISHED	No Priority	200	ğŸŸ¢ Fully Alpha Ready	01/07/2025	18	18	18	0	1258	0.05ms
â–¶	
/content/dam/country/uk/en/models/etrongt/audi-rs-e-tron-gt/configurator/index
ğŸŒ
Î±
PUBLISHED	No Priority	200	ğŸŸ¢ Fully Alpha Ready	14/02/2025	1	1	1	0	163	0.039ms
â–¶	
/content/dam/country/uk/en/find-and-buy/finance-and-offers/ch-contract-hire/layers/bch-a5-saloon/index
ğŸŒ
Î±
âš  Not ready: fa-editorial-table-aemh
PUBLISHED	No Priority	200	ğŸŸ¡ Partially Alpha Ready	01/05/2025	5	4	5	0	311	0.034ms
â–¶	
/content/dam/country/uk/en/models/q8/q8-tfsi-e/configurator/index
ğŸŒ
Î±
PUBLISHED	No Priority	200	ğŸŸ¢ Fully Alpha Ready	14/02/2025	1	1	1	0	163	0.033ms
â–¶	
/content/dam/country/uk/en/owners/audi-connect/connect-services-by-model/configurator-q4/index
ğŸŒ
Î±
âš  Not ready: fa-editorial-table-aemh
MODIFIED	No Priority	200	ğŸŸ¡ Partially Alpha Ready	07/02/2025	11	7	11	0	2483	0.033ms
â–¶	
/content/dam/country/uk/en/discover/lifestyle/progressive-partners/index
ğŸŒ
Î±
MODIFIED	No Priority	200	ğŸŸ¢ Fully Alpha Ready	23/07/2025	10	10	10	0	548	0.04ms
â–¶	
/content/dam/country/uk/en/models/a3/rs-3-saloon/configurator/index
ğŸŒ
Î±
PUBLISHED	No Priority	200	ğŸŸ¢ Fully Alpha Ready	14/02/2025	1	1	1	0	163	0.033ms
â–¶	
/content/dam/country/uk/en/models/etrongt/audi-rs-e-tron-gt/finance-and-offers/index
ğŸŒ
Î±
PUBLISHED	No Priority	200	ğŸŸ¢ Fully Alpha Ready	01/09/2025	9	9	9	0	440	0.034ms
â–¶	
/content/dam/country/uk/en/owners/audi-connect/connect-services-by-model/configurator-q5/index
ğŸŒ
Î±
âš  Not ready: fa-editorial-table-aemh
MODIFIED	No Priority	200	ğŸŸ¡ Partially Alpha Ready	07/02/2025	11	7	11	0	2234	0.042ms
â–¶	
/content/dam/country/uk/en/models/a6-e-tron/a6-sportback-e-tron/index
ğŸŒ
Î±
PUBLISHED	No Priority	200	ğŸŸ¢ Fully Alpha Ready	15/05/2025	16	16	16	0	668	0.088ms
â–¶	
/content/dam/country/uk/en/models/a6-e-tron/a6-sportback-e-tron/design-and-specification/index
ğŸŒ
Î±
PUBLISHED	No Priority	200	ğŸŸ¢ Fully Alpha Ready	11/06/2025	17	17	17	0	1274	0.075ms
â–¶	
/content/dam/country/uk/en/discover/progress-you-can-feel/index
ğŸŒ
Î±
PUBLISHED	No Priority	200	ğŸŸ¢ Fully Alpha Ready	20/05/2025	10	10	10	0	270	0.122ms
â–¶	
/content/dam/country/uk/en/models/q6-e-tron/q6-sportback-e-tron/finance-and-offers/index
ğŸŒ
Î±
âš  Not ready: fa-location-search, fa-stock-carousel
PUBLISHED	No Priority	200	ğŸŸ¡ Partially Alpha Ready	01/10/2025	13	11	13	0	481	0.031ms
â–¶	
/content/dam/country/uk/en/models/a6-e-tron/s6-avant-e-tron/battery-and-range/index
ğŸŒ
Î±
âš  Not ready: fa-ev-mini-tools, accordion
PUBLISHED	No Priority	200	ğŸŸ¡ Partially Alpha Ready	11/08/2025	14	12	14	0	1607	0.037ms
â–¶	
/content/dam/country/uk/en/models/a6-e-tron/a6-avant-e-tron/layers/battery-and-range/index
ğŸŒ
Î±
âš  Not ready: fa-editorial-table-aemh
PUBLISHED	No Priority	200	ğŸŸ¡ Partially Alpha Ready	04/08/2025	5	2	5	0	1344	0.033ms
â–¶	
/content/dam/country/uk/en/models/q5/q5-range/index
ğŸŒ
Î±
âš  Not ready: fa-location-search, fa-stock-carousel
PUBLISHED	No Priority	200	ğŸŸ¡ Partially Alpha Ready	15/07/2025	19	17	19	0	460	0.032ms
â–¶	
/content/dam/country/uk/en/models/q6-e-tron/sq6-sportback-e-tron/design-and-specification/index
ğŸŒ
Î±
PUBLISHED	No Priority	200	ğŸŸ¢ Fully Alpha Ready	12/06/2025	15	15	15	0	1088	0.034ms
â–¶	
/content/dam/country/uk/en/models/q7/sq7/index
ğŸŒ
Î±
âš  Not ready: fa-location-search, fa-stock-carousel
PUBLISHED	No Priority	200	ğŸŸ¡ Partially Alpha Ready	01/09/2025	28	26	28	0	1732	0.044ms
â–¶	
/content/dam/country/uk/en/owners/audi-connect/functions-on-demand/index
ğŸŒ
Î±
PUBLISHED	No Priority	200	ğŸŸ¢ Fully Alpha Ready	25/09/2025	16	15	16	0	921	0.034ms
â–¶	
/content/dam/country/uk/en/owners/terms-and-conditions/electric-vehicle-services/index
ğŸŒ
Î±
MODIFIED	No Priority	200	ğŸŸ¢ Fully Alpha Ready	24/01/2025	3	3	3	0	343	0.047ms
â–¶	
/content/dam/country/uk/en/owners/audi-connect/faqs/myaudi-car-manual/index
ğŸŒ
Î±
PUBLISHED	No Priority	200	ğŸŸ¢ Fully Alpha Ready	25/09/2025	8	7	8	0	258	0.069ms
â–¶	
/content/dam/country/uk/en/discover/performance/index
ğŸŒ
Î±
PUBLISHED	No Priority	200	ğŸŸ¢ Fully Alpha Ready	29/04/2025	9	9	9	0	332	0.046ms
â–¶	
/content/dam/country/uk/en/models/q7/sq7/configurator/index
ğŸŒ
Î±
PUBLISHED	No Priority	200	ğŸŸ¢ Fully Alpha Ready	14/02/2025	1	1	1	0	163	0.04ms
â–¶	
/content/dam/country/uk/en/assistance/imports-and-exports/index
ğŸŒ
Î±
âš  Not ready: accordion
MODIFIED	No Priority	200	ğŸŸ¡ Partially Alpha Ready	06/12/2024	9	8	9	0	1192	0.043ms
â–¶	
/content/dam/country/uk/en/find-and-buy/finance-and-offers/ch-contract-hire/layers/bch-q7/index
ğŸŒ
Î±
âš  Not ready: fa-editorial-table-aemh
PUBLISHED	No Priority	200	ğŸŸ¡ Partially Alpha Ready	01/07/2025	5	4	5	0	309	0.043ms
â–¶	
/content/dam/country/uk/en/models/etrongt/audi-rs-e-tron-gt/index
ğŸŒ
Î±
PUBLISHED	No Priority	200	ğŸŸ¢ Fully Alpha Ready	11/08/2025	11	11	11	0	485	0.033ms
â–¶	
/content/dam/country/uk/en/electric/faqs/audi-models/index
ğŸŒ
Î±
âš  Not ready: accordion
MODIFIED	No Priority	200	ğŸŸ¡ Partially Alpha Ready	08/12/2024	3	2	3	0	593	0.035ms
â–¶	
/content/dam/country/uk/en/find-and-buy/finance-and-offers/ch-contract-hire/layers/pch-a3-sportback-sport-40/index
ğŸŒ
Î±
âš  Not ready: fa-editorial-table-aemh
PUBLISHED	No Priority	200	ğŸŸ¡ Partially Alpha Ready	01/05/2025	5	4	5	0	304	0.075ms
â–¶	
/content/dam/country/uk/en/find-and-buy/business-and-fleet/fleet-managers/index
ğŸŒ
Î±
MODIFIED	No Priority	200	ğŸŸ¢ Fully Alpha Ready	13/01/2025	15	14	15	0	953	0.034ms
â–¶	
/content/dam/country/uk/en/models/q8/sq8/index
ğŸŒ
Î±
âš  Not ready: fa-location-search, fa-stock-carousel
PUBLISHED	No Priority	200	ğŸŸ¡ Partially Alpha Ready	01/09/2025	29	27	29	0	1544	0.033ms
â–¶	
/content/dam/country/uk/en/owners/audi-connect/faqs/how-to-renew-connect-licence/index
ğŸŒ
Î±
PUBLISHED	No Priority	200	ğŸŸ¢ Fully Alpha Ready	25/09/2025	9	8	9	0	314	0.078ms
â–¶	
/content/dam/country/uk/en/models/q4/q4-e-tron-sportback/battery-and-range/index
ğŸŒ
Î±
âš  Not ready: fa-ev-mini-tools, accordion
PUBLISHED	No Priority	200	ğŸŸ¡ Partially Alpha Ready	01/07/2025	15	13	15	0	1591	0.03ms
â–¶	
/content/dam/country/uk/en/models/a6-e-tron/s6-avant-e-tron/configurator/index
ğŸŒ
Î±
PUBLISHED	No Priority	200	ğŸŸ¢ Fully Alpha Ready	14/02/2025	1	1	1	0	163	0.038ms
â–¶	
/content/dam/country/uk/en/models/q6-e-tron/sq6-e-tron/design-and-specification/index
ğŸŒ
Î±
PUBLISHED	No Priority	200	ğŸŸ¢ Fully Alpha Ready	13/06/2025	15	15	15	0	1086	0.038ms
â–¶	
/content/dam/country/uk/en/electric/charging-near-me/index
ğŸŒ
Î±
PUBLISHED	No Priority	200	ğŸŸ¢ Fully Alpha Ready	11/08/2025	5	4	5	0	222	0.099ms
â–¶	
/content/dam/country/uk/en/owners/index
ğŸŒ
Î±
PUBLISHED	No Priority	200	ğŸŸ¢ Fully Alpha Ready	25/09/2025	16	16	16	0	163	0.043ms
â–¶	
/content/dam/country/uk/en/models/q5/forms/pre-book-test-drive/index
ğŸŒ
Î±
âš  Not ready: fa-form-builder-core, fa-form-builder-model-selector, fa-form-builder-personal-details (+3 more)
PUBLISHED	No Priority	200	ğŸŸ¡ Partially Alpha Ready	15/07/2025	7	1	7	0	163	0.056ms
â–¶	
/content/dam/country/uk/en/owners/audi-connect/faqs/touch-screen/index
ğŸŒ
Î±
PUBLISHED	No Priority	200	ğŸŸ¢ Fully Alpha Ready	25/09/2025	10	9	10	0	388	0.073ms
â–¶	
/content/dam/country/uk/en/models/a5/a5-avant-e-hybrid/configurator/index
ğŸŒ
Î±
PUBLISHED	No Priority	200	ğŸŸ¢ Fully Alpha Ready	07/05/2025	1	1	1	0	163	0.034ms
â–¶	
/content/dam/country/uk/en/electric/e-tron/video-guides/charging/when-to-charge-video/index
ğŸŒ
Î±
MODIFIED	No Priority	200	ğŸŸ¢ Fully Alpha Ready	08/12/2024	1	1	1	0	215	0.126ms
â–¶	
/content/dam/country/uk/en/owners/terms-and-conditions/functions-on-demand-2/index
ğŸŒ
Î±
MODIFIED	No Priority	200	ğŸŸ¢ Fully Alpha Ready	27/01/2025	20	20	20	0	6538	0.052ms
â–¶	
/content/dam/country/uk/en/models/q6-e-tron/q6-sportback-e-tron/index
ğŸŒ
Î±
PUBLISHED	No Priority	200	ğŸŸ¢ Fully Alpha Ready	11/08/2025	12	12	12	0	459	0.035ms
â–¶	
/content/dam/country/uk/en/legal-and-privacy/privacy-statement/my-audi-portal/index
ğŸŒ
Î±
âš  Not ready: fa-editorial-table-aemh
PUBLISHED	No Priority	200	ğŸŸ¡ Partially Alpha Ready	26/03/2025	3	2	3	0	775	0.265ms
â–¶	
/content/dam/country/uk/en/models/a8/a8-l/index
ğŸŒ
Î±
âš  Not ready: fa-location-search, fa-stock-carousel
PUBLISHED	No Priority	200	ğŸŸ¡ Partially Alpha Ready	01/09/2025	31	29	31	0	1674	0.048ms
â–¶	
/content/dam/country/uk/en/models/q4/q4-e-tron/configurator/index
ğŸŒ
Î±
PUBLISHED	No Priority	200	ğŸŸ¢ Fully Alpha Ready	14/02/2025	1	1	1	0	163	0.088ms
â–¶	
/content/dam/country/uk/en/models/etrongt/audi-s-e-tron-gt/battery-and-range/index
ğŸŒ
Î±
âš  Not ready: fa-ev-mini-tools, accordion
PUBLISHED	No Priority	200	ğŸŸ¡ Partially Alpha Ready	11/08/2025	14	12	14	0	1581	0.042ms
â–¶	
/content/dam/country/uk/en/models/a6-e-tron/s6-sportback-e-tron/configurator/index
ğŸŒ
Î±
PUBLISHED	No Priority	200	ğŸŸ¢ Fully Alpha Ready	14/02/2025	1	1	1	0	163	0.035ms
â–¶	
/content/dam/country/uk/en/models/q6-e-tron/sq6-sportback-e-tron/configurator/index
ğŸŒ
Î±
PUBLISHED	No Priority	200	ğŸŸ¢ Fully Alpha Ready	14/02/2025	1	1	1	0	163	0.034ms
â–¶	
/content/dam/country/uk/en/models/a5/a5-saloon/configurator/index
ğŸŒ
Î±
PUBLISHED	No Priority	200	ğŸŸ¢ Fully Alpha Ready	14/02/2025	1	1	1	0	163	0.072ms
â–¶	
/content/dam/country/uk/en/owners/servicing/service-plans/audi-complete/index
ğŸŒ
Î±
MODIFIED	No Priority	200	ğŸŸ¢ Fully Alpha Ready	03/01/2025	9	9	9	0	579	0.032ms
â–¶	
/content/dam/country/uk/en/used-cars/why-buy-approved/index
ğŸŒ
Î±
PUBLISHED	No Priority	200	ğŸŸ¢ Fully Alpha Ready	01/10/2025	24	23	24	0	1014	0.041ms
â–¶	
/content/dam/country/uk/en/electric/e-tron/video-guides/charging/charging-service-video/index
ğŸŒ
Î±
MODIFIED	No Priority	200	ğŸŸ¢ Fully Alpha Ready	08/12/2024	1	1	1	0	169	0.043ms
â–¶	
/content/dam/country/uk/en/models/etrongt/audi-s-e-tron-gt/design-and-specification/index
ğŸŒ
Î±
MODIFIED	No Priority	200	ğŸŸ¢ Fully Alpha Ready	01/07/2025	18	18	18	0	1177	0.037ms
â–¶	
/content/dam/country/uk/en/models/q4/q4-e-tron/battery-and-range/index
ğŸŒ
Î±
âš  Not ready: fa-ev-mini-tools, accordion
PUBLISHED	No Priority	200	ğŸŸ¡ Partially Alpha Ready	01/07/2025	14	12	14	0	1510	0.037ms
â–¶	
/content/dam/country/uk/en/models/a5/s5-avant/index
ğŸŒ
Î±
âš  Not ready: fa-location-search, fa-stock-carousel
PUBLISHED	No Priority	200	ğŸŸ¡ Partially Alpha Ready	01/09/2025	24	22	24	0	1461	0.037ms
â–¶	
/content/dam/country/uk/en/electric/e-tron/video-guides/walk-around/index
ğŸŒ
Î±
PUBLISHED	No Priority	200	ğŸŸ¢ Fully Alpha Ready	06/03/2025	6	6	6	0	314	0.113ms
â–¶	
/content/dam/country/uk/en/myaudi/legal-ag/index
ğŸŒ
Î±
PUBLISHED	No Priority	200	ğŸŸ¢ Fully Alpha Ready	03/09/2025	2	1	2	0	270	0.046ms
â–¶	
/content/dam/country/uk/en/models/etrongt/audi-e-tron-gt/index
ğŸŒ
Î±
PUBLISHED	No Priority	200	ğŸŸ¢ Fully Alpha Ready	11/08/2025	11	11	11	0	548	0.109ms
â–¶	
/content/dam/country/uk/en/owners/audi-connect/faqs/automatic-service-reminder/index
ğŸŒ
Î±
PUBLISHED	No Priority	200	ğŸŸ¢ Fully Alpha Ready	25/09/2025	13	12	13	0	342	0.037ms
â–¶	
/content/dam/country/uk/en/audi-world/integrity-and-compliance/index
ğŸŒ
Î±
PUBLISHED	No Priority	200	ğŸŸ¢ Fully Alpha Ready	03/06/2025	15	15	15	0	904	0.051ms
â–¶	
/content/dam/country/uk/en/owners/audi-connect/connect-services-by-model/configurator-q8/index
ğŸŒ
Î±
âš  Not ready: fa-editorial-table-aemh
MODIFIED	No Priority	200	ğŸŸ¡ Partially Alpha Ready	07/02/2025	11	7	11	0	2407	0.037ms
â–¶	
/content/dam/country/uk/en/owners/audi-connect/faqs/what-is-my-qr-code-card/index
ğŸŒ
Î±
PUBLISHED	No Priority	200	ğŸŸ¢ Fully Alpha Ready	25/09/2025	9	8	9	0	366	0.037ms
â–¶	
/content/dam/country/uk/en/models/etrongt/audi-e-tron-gt/design-and-specification/index
ğŸŒ
Î±
PUBLISHED	No Priority	200	ğŸŸ¢ Fully Alpha Ready	10/09/2025	18	18	18	0	880	0.036ms
â–¶	
/content/dam/country/uk/en/models/a6-e-tron/s6-sportback-e-tron/design-and-specification/index
ğŸŒ
Î±
PUBLISHED	No Priority	200	ğŸŸ¢ Fully Alpha Ready	04/06/2025	17	17	17	0	1101	0.088ms
â–¶	
/content/dam/country/uk/en/models/q3/q3-sportback/configurator/index
ğŸŒ
Î±
PUBLISHED	No Priority	200	ğŸŸ¢ Fully Alpha Ready	14/02/2025	1	1	1	0	163	0.041ms
â–¶	
/content/dam/country/uk/en/models/q5/sq5-sportback/index
ğŸŒ
Î±
âš  Not ready: fa-location-search, fa-stock-carousel
PUBLISHED	No Priority	200	ğŸŸ¡ Partially Alpha Ready	01/09/2025	25	23	25	0	1713	0.038ms
â–¶	
/content/dam/country/uk/en/models/q3/q3/my-25/index
ğŸŒ
Î±
âš  Not ready: fa-location-search, fa-stock-carousel
PUBLISHED	No Priority	200	ğŸŸ¡ Partially Alpha Ready	01/09/2025	27	25	27	0	1484	0.033ms
â–¶	
/content/dam/country/uk/en/owners/audi-connect/connect-services-by-model/configurator-a6/index
ğŸŒ
Î±
âš  Not ready: fa-editorial-table-aemh
PUBLISHED	No Priority	200	ğŸŸ¡ Partially Alpha Ready	19/05/2025	11	7	11	0	2393	0.047ms
â–¶	
/content/dam/country/uk/en/models/q2/sq2/index
ğŸŒ
Î±
âš  Not ready: fa-location-search, fa-stock-carousel
PUBLISHED	No Priority	200	ğŸŸ¡ Partially Alpha Ready	01/09/2025	31	29	31	0	1332	0.04ms
â–¶	
/content/dam/country/uk/en/owners/audi-connect/connect-services-by-model/configurator-a6-e-tron/index
ğŸŒ
Î±
âš  Not ready: fa-editorial-table-aemh
PUBLISHED	No Priority	200	ğŸŸ¡ Partially Alpha Ready	14/02/2025	11	7	11	0	2259	0.136ms
â–¶	
/content/dam/country/uk/en/models/a8/s8/configurator/index
ğŸŒ
Î±
PUBLISHED	No Priority	200	ğŸŸ¢ Fully Alpha Ready	14/02/2025	1	1	1	0	163	0.03ms
â–¶	
/content/dam/country/uk/en/models/a6/rs-6-avant-gt/index
ğŸŒ
Î±
PUBLISHED	No Priority	200	ğŸŸ¢ Fully Alpha Ready	09/07/2025	18	18	18	0	1293	0.032ms
â–¶	
/content/dam/country/uk/en/models/q5/q5-sportback-e-hybrid/index
ğŸŒ
Î±
âš  Not ready: fa-location-search, fa-stock-carousel
PUBLISHED	No Priority	200	ğŸŸ¡ Partially Alpha Ready	01/10/2025	33	31	33	0	1954	0.035ms
â–¶	
/content/dam/country/uk/en/models/q5/sq5/index
ğŸŒ
Î±
âš  Not ready: fa-location-search, fa-stock-carousel
PUBLISHED	No Priority	200	ğŸŸ¡ Partially Alpha Ready	01/10/2025	28	26	28	0	1794	0.07ms
â–¶	
/content/dam/country/uk/en/find-and-buy/finance-and-offers/ch-contract-hire/layers/pch-a5-saloon/index
ğŸŒ
Î±
âš  Not ready: fa-editorial-table-aemh
PUBLISHED	No Priority	200	ğŸŸ¡ Partially Alpha Ready	01/05/2025	5	4	5	0	302	0.036ms
â–¶	
/content/dam/country/uk/en/models/q7/q7/configurator/index
ğŸŒ
Î±
PUBLISHED	No Priority	200	ğŸŸ¢ Fully Alpha Ready	14/02/2025	1	1	1	0	163	0.032ms
â–¶	
/content/dam/country/uk/en/owners/terms-and-conditions/data-protection/index
ğŸŒ
Î±
âš  Not ready: fa-editorial-table-aemh
MODIFIED	No Priority	200	ğŸŸ¡ Partially Alpha Ready	24/01/2025	40	39	40	0	23227	0.04ms
â–¶	
/content/dam/country/uk/en/legal-and-privacy/values-terms-and-conditions/bev/index
ğŸŒ
Î±
PUBLISHED	No Priority	200	ğŸŸ¢ Fully Alpha Ready	09/06/2025	1	1	1	0	324	0.041ms
â–¶	
/content/dam/country/uk/en/electric/faqs/finance/index
ğŸŒ
Î±
âš  Not ready: accordion
MODIFIED	No Priority	200	ğŸŸ¡ Partially Alpha Ready	08/12/2024	3	2	3	0	647	0.035ms
â–¶	
/content/dam/country/uk/en/owners/roadside-assistance-and-insurance/index
ğŸŒ
Î±
PUBLISHED	No Priority	200	ğŸŸ¢ Fully Alpha Ready	09/07/2025	10	10	10	0	886	0.113ms
â–¶	
/content/dam/country/uk/en/owners/audi-connect/faqs/audi-hotspot/index
ğŸŒ
Î±
PUBLISHED	No Priority	200	ğŸŸ¢ Fully Alpha Ready	25/09/2025	7	6	7	0	321	0.038ms
â–¶	
/content/dam/country/uk/en/electric/e-tron/video-guides/index
ğŸŒ
Î±
MODIFIED	No Priority	200	ğŸŸ¢ Fully Alpha Ready	08/12/2024	9	9	9	0	543	0.033ms
â–¶	
/content/dam/country/uk/en/models/q3/q3/register-your-interest/index
ğŸŒ
Î±
âš  Not ready: fa-form-builder-core, fa-form-builder-model-selector, fa-form-builder-personal-details (+2 more)
PUBLISHED	No Priority	200	ğŸŸ¡ Partially Alpha Ready	16/06/2025	5	0	5	0	163	0.032ms
â–¶	
/content/dam/country/uk/en/models/q8/q8/configurator/index
ğŸŒ
Î±
PUBLISHED	No Priority	200	ğŸŸ¢ Fully Alpha Ready	14/02/2025	1	1	1	0	163	0.048ms
â–¶	
/content/dam/country/uk/en/find-and-buy/business-and-fleet/fleet-managers/salary-sacrifice/index
ğŸŒ
Î±
MODIFIED	No Priority	200	ğŸŸ¢ Fully Alpha Ready	06/12/2024	6	6	6	0	444	0.06ms
â–¶	
/content/dam/country/uk/en/models/etrongt/audi-s-e-tron-gt/index
ğŸŒ
Î±
PUBLISHED	No Priority	200	ğŸŸ¢ Fully Alpha Ready	11/08/2025	12	12	12	0	645	0.039ms
â–¶	
/content/dam/country/uk/en/models/q8/rsq8/configurator/index
ğŸŒ
Î±
PUBLISHED	No Priority	200	ğŸŸ¢ Fully Alpha Ready	14/02/2025	1	1	1	0	163	0.086ms
â–¶	
/content/dam/country/uk/en/models/a6-e-tron/a6-sportback-e-tron/layers/battery-and-range/index
ğŸŒ
Î±
âš  Not ready: fa-editorial-table-aemh
PUBLISHED	No Priority	200	ğŸŸ¡ Partially Alpha Ready	04/08/2025	5	2	5	0	1316	0.034ms
â–¶	
/content/dam/country/uk/en/models/a6-e-tron/s6-avant-e-tron/finance-and-offers/index
ğŸŒ
Î±
âš  Not ready: fa-location-search, fa-stock-carousel
PUBLISHED	No Priority	200	ğŸŸ¡ Partially Alpha Ready	01/09/2025	13	11	13	0	477	0.093ms
â–¶	
/content/dam/country/uk/en/owners/audi-connect/faqs/how-to-use-key-tag/index
ğŸŒ
Î±
PUBLISHED	No Priority	200	ğŸŸ¢ Fully Alpha Ready	25/09/2025	8	7	8	0	329	0.071ms
â–¶	
/content/dam/country/uk/en/models/q3/q3/configurator/index
ğŸŒ
Î±
PUBLISHED	No Priority	200	ğŸŸ¢ Fully Alpha Ready	14/02/2025	1	1	1	0	163	0.05ms
â–¶	
/content/dam/country/uk/en/models/q6-e-tron/sq6-sportback-e-tron/index
ğŸŒ
Î±
PUBLISHED	No Priority	200	ğŸŸ¢ Fully Alpha Ready	11/08/2025	13	13	13	0	628	0.088ms
â–¶	
/content/dam/country/uk/en/models/q6-e-tron/q6-e-tron/finance-and-offers/index
ğŸŒ
Î±
âš  Not ready: fa-location-search, fa-stock-carousel
PUBLISHED	No Priority	200	ğŸŸ¡ Partially Alpha Ready	01/10/2025	12	10	12	0	484	0.036ms
â–¶	
/content/dam/country/uk/en/models/a3/s3-sportback/configurator/index
ğŸŒ
Î±
PUBLISHED	No Priority	200	ğŸŸ¢ Fully Alpha Ready	14/02/2025	1	1	1	0	163	0.035ms
â–¶	
/content/dam/country/uk/en/models/etrongt/e-tron-gt-range/index
ğŸŒ
Î±
âš  Not ready: fa-location-search, fa-stock-carousel
MODIFIED	No Priority	200	ğŸŸ¡ Partially Alpha Ready	24/06/2025	13	11	13	0	381	0.043ms
â–¶	
/content/dam/country/uk/en/models/q8/rsq8-performance/configurator/index
ğŸŒ
Î±
PUBLISHED	No Priority	200	ğŸŸ¢ Fully Alpha Ready	14/02/2025	1	1	1	0	163	0.036ms
â–¶	
/content/dam/country/uk/en/electric/driving-range-calculator/index
ğŸŒ
Î±
PUBLISHED	No Priority	200	ğŸŸ¢ Fully Alpha Ready	11/08/2025	6	5	6	0	222	0.033ms
â–¶	
/content/dam/country/uk/en/models/q5/q5-e-hybrid/configurator/index
ğŸŒ
Î±
PUBLISHED	No Priority	200	ğŸŸ¢ Fully Alpha Ready	15/07/2025	1	1	1	0	163	0.028ms
â–¶	
/content/dam/country/uk/en/models/a3/rs-3-saloon/index
ğŸŒ
Î±
âš  Not ready: fa-location-search, fa-stock-carousel
PUBLISHED	No Priority	200	ğŸŸ¡ Partially Alpha Ready	01/09/2025	27	25	27	0	1719	0.196ms
â–¶	
/content/dam/country/uk/en/discover/technology/index
ğŸŒ
Î±
MODIFIED	No Priority	200	ğŸŸ¢ Fully Alpha Ready	06/12/2024	22	22	22	0	2209	0.046ms
â–¶	
/content/dam/country/uk/en/electric/e-tron/video-guides/charging/cable-video/index
ğŸŒ
Î±
MODIFIED	No Priority	200	ğŸŸ¢ Fully Alpha Ready	08/12/2024	1	1	1	0	207	0.039ms
â–¶	
/content/dam/country/uk/en/models/sportback/index
ğŸŒ
Î±
PUBLISHED	No Priority	200	ğŸŸ¢ Fully Alpha Ready	01/10/2025	14	14	14	0	817	0.321ms
â–¶	
/content/dam/country/uk/en/find-and-buy/finance-and-offers/ch-contract-hire/layers/pch-q6-e-tron/index
ğŸŒ
Î±
âš  Not ready: fa-editorial-table-aemh
PUBLISHED	No Priority	200	ğŸŸ¡ Partially Alpha Ready	01/07/2025	5	4	5	0	299	0.111ms
â–¶	
/content/dam/country/uk/en/models/q4/q4-e-tron-sportback/configurator/index
ğŸŒ
Î±
PUBLISHED	No Priority	200	ğŸŸ¢ Fully Alpha Ready	14/02/2025	1	1	1	0	163	0.034ms
â–¶	
/content/dam/country/uk/en/legal-and-privacy/privacy-statement/index
ğŸŒ
Î±
PUBLISHED	No Priority	200	ğŸŸ¢ Fully Alpha Ready	26/03/2025	12	12	12	0	6828	0.033ms
â–¶	
/content/dam/country/uk/en/owners/audi-connect/faqs/how-do-i-find-vin/index
ğŸŒ
Î±
PUBLISHED	No Priority	200	ğŸŸ¢ Fully Alpha Ready	25/09/2025	9	8	9	0	445	0.058ms
â–¶	
/content/dam/country/uk/en/owners/audi-connect/connect-services-by-model/configurator-a8/index
ğŸŒ
Î±
âš  Not ready: fa-editorial-table-aemh
MODIFIED	No Priority	200	ğŸŸ¡ Partially Alpha Ready	07/02/2025	10	7	10	0	2406	0.038ms
â–¶	
/content/dam/country/uk/en/models/a6-e-tron/a6-sportback-e-tron/finance-and-offers/index
ğŸŒ
Î±
âš  Not ready: fa-location-search, fa-stock-carousel
PUBLISHED	No Priority	200	ğŸŸ¡ Partially Alpha Ready	01/09/2025	13	11	13	0	484	0.032ms
â–¶	
/content/dam/country/uk/en/owners/audi-connect/connect-infotainment/index
ğŸŒ
Î±
PUBLISHED	No Priority	200	ğŸŸ¢ Fully Alpha Ready	25/09/2025	15	14	15	0	677	0.063ms
â–¶	
/content/dam/country/uk/en/owners/terms-and-conditions/index
ğŸŒ
Î±
âš  Not ready: fa-editorial-table-aemh
MODIFIED	No Priority	200	ğŸŸ¡ Partially Alpha Ready	16/01/2025	4	3	4	0	1032	0.124ms
â–¶	
/content/dam/country/uk/en/models/q6-e-tron/q6-sportback-e-tron/configurator/index
ğŸŒ
Î±
PUBLISHED	No Priority	200	ğŸŸ¢ Fully Alpha Ready	14/02/2025	1	1	1	0	163	0.036ms
â–¶	
/content/dam/country/uk/en/models/q5/q5-sportback-e-hybrid/configurator/index
ğŸŒ
Î±
PUBLISHED	No Priority	200	ğŸŸ¢ Fully Alpha Ready	15/07/2025	1	1	1	0	163	0.033ms
â–¶	
/content/dam/country/uk/en/models/etrongt/audi-e-tron-gt/configurator/index
ğŸŒ
Î±
PUBLISHED	No Priority	200	ğŸŸ¢ Fully Alpha Ready	24/06/2025	1	1	1	0	163	0.033ms
â–¶	
/content/dam/country/uk/en/owners/audi-connect/connect-services-by-model/configurator-q7/index
ğŸŒ
Î±
âš  Not ready: fa-editorial-table-aemh
MODIFIED	No Priority	200	ğŸŸ¡ Partially Alpha Ready	07/02/2025	11	7	11	0	2471	0.035ms
â–¶	
/content/dam/country/uk/en/find-and-buy/finance-and-offers/personal-contract-plan/a6-avant/index
ğŸŒ
Î±
âš  Not ready: fa-editorial-table-aemh
PUBLISHED	No Priority	200	ğŸŸ¡ Partially Alpha Ready	07/08/2025	5	4	5	0	358	0.037ms
â–¶	
/content/dam/country/uk/en/models/a6-e-tron/s6-sportback-e-tron/index
ğŸŒ
Î±
PUBLISHED	No Priority	200	ğŸŸ¢ Fully Alpha Ready	26/06/2025	13	13	13	0	581	0.104ms
â–¶	
/content/dam/country/uk/en/models/a8/a8/configurator/index
ğŸŒ
Î±
PUBLISHED	No Priority	200	ğŸŸ¢ Fully Alpha Ready	14/02/2025	1	1	1	0	163	0.034ms
â–¶	
/content/dam/country/uk/en/models/a1/a1-sportback/configurator/index
ğŸŒ
Î±
PUBLISHED	No Priority	200	ğŸŸ¢ Fully Alpha Ready	09/06/2025	1	1	1	0	163	0.029ms
â–¶	
/content/dam/country/uk/en/models/q6-e-tron/q6-e-tron/design-and-specification/index
ğŸŒ
Î±
PUBLISHED	No Priority	200	ğŸŸ¢ Fully Alpha Ready	01/07/2025	16	16	16	0	1187	0.033ms
â–¶	
/content/dam/country/uk/en/legal-and-privacy/audi-digital-giveaway/index
ğŸŒ
Î±
MODIFIED	No Priority	200	ğŸŸ¢ Fully Alpha Ready	06/11/2024	1	1	1	0	82476	0.046ms
â–¶	
/content/dam/country/uk/en/models/q8/q8-tfsi-e/layers/battery-and-range/index
ğŸŒ
Î±
âš  Not ready: fa-editorial-table-aemh
PUBLISHED	No Priority	200	ğŸŸ¡ Partially Alpha Ready	22/11/2024	3	2	3	0	485	0.068ms
â–¶	
/content/dam/country/uk/en/models/etrongt/audi-rs-e-tron-gt-performance/battery-and-range/index
ğŸŒ
Î±
âš  Not ready: fa-ev-mini-tools, accordion
PUBLISHED	No Priority	200	ğŸŸ¡ Partially Alpha Ready	11/08/2025	14	12	14	0	1577	0.072ms
â–¶	
/content/dam/country/uk/en/audi-centres-list/index
ğŸŒ
Î±
PUBLISHED	No Priority	200	ğŸŸ¢ Fully Alpha Ready	01/07/2025	16	16	16	0	569	0.038ms
â–¶	
/content/dam/country/uk/en/owners/audi-connect/connect-services-by-model/configurator-q2/index
ğŸŒ
Î±
âš  Not ready: fa-editorial-table-aemh
MODIFIED	No Priority	200	ğŸŸ¡ Partially Alpha Ready	07/02/2025	10	7	10	0	1366	0.042ms
â–¶	
/content/dam/country/uk/en/legal-and-privacy/values-terms-and-conditions/ice/index
ğŸŒ
Î±
PUBLISHED	No Priority	200	ğŸŸ¢ Fully Alpha Ready	09/06/2025	1	1	1	0	335	0.042ms
â–¶	
/content/dam/country/uk/en/models/a5/forms/pre-book-test-drive/index
ğŸŒ
Î±
âš  Not ready: fa-form-builder-core, fa-form-builder-model-selector, fa-form-builder-personal-details (+3 more)
PUBLISHED	No Priority	200	ğŸŸ¡ Partially Alpha Ready	07/05/2025	6	0	6	0	163	0.029ms
â–¶	
/content/dam/country/uk/en/models/a5/a5-range/index
ğŸŒ
Î±
âš  Not ready: fa-location-search, fa-stock-carousel
PUBLISHED	No Priority	200	ğŸŸ¡ Partially Alpha Ready	09/07/2025	20	18	20	0	395	0.086ms
â–¶	
/content/dam/country/uk/en/find-and-buy/finance-and-offers/ch-contract-hire/layers/pch-s3-sportback/index
ğŸŒ
Î±
âš  Not ready: fa-editorial-table-aemh
PUBLISHED	No Priority	200	ğŸŸ¡ Partially Alpha Ready	01/07/2025	5	4	5	0	297	0.065ms
â–¶	
/content/dam/country/uk/en/find-and-buy/finance-and-offers/personal-contract-plan/a5-saloon-s-line/index
ğŸŒ
Î±
âš  Not ready: fa-editorial-table-aemh
PUBLISHED	No Priority	200	ğŸŸ¡ Partially Alpha Ready	07/08/2025	5	4	5	0	360	0.033ms
â–¶	
/content/dam/country/uk/en/discover/lifestyle/progressive-partners/sky-sports-f1/keep-me-informed/index
ğŸŒ
Î±
âš  Not ready: fa-form-builder-core, fa-form-builder-personal-details, fa-form-builder-marketing-pref (+1 more)
MODIFIED	No Priority	200	ğŸŸ¡ Partially Alpha Ready	06/03/2025	6	2	6	0	196	0.037ms
â–¶	
/content/dam/country/uk/en/models/a6-e-tron/a6-sportback-e-tron/battery-and-range/index
ğŸŒ
Î±
âš  Not ready: fa-ev-mini-tools, accordion
PUBLISHED	No Priority	200	ğŸŸ¡ Partially Alpha Ready	11/08/2025	14	12	14	0	1630	0.033ms
â–¶	
/content/dam/country/uk/en/owners/audi-connect/connect-services-by-model/configurator-e-tron-gt/index
ğŸŒ
Î±
âš  Not ready: fa-editorial-table-aemh
MODIFIED	No Priority	200	ğŸŸ¡ Partially Alpha Ready	07/02/2025	11	7	11	0	2557	0.046ms
â–¶	
/content/dam/country/uk/en/models/a5/s5-saloon/configurator/index
ğŸŒ
Î±
PUBLISHED	No Priority	200	ğŸŸ¢ Fully Alpha Ready	14/02/2025	1	1	1	0	163	0.046ms
â–¶	
/content/dam/country/uk/en/models/a3/a3-saloon/configurator/index
ğŸŒ
Î±
PUBLISHED	No Priority	200	ğŸŸ¢ Fully Alpha Ready	13/02/2025	1	1	1	0	163	0.037ms
â–¶	
/content/dam/country/uk/en/owners/terms-and-conditions/infotainment-service-2/index
ğŸŒ
Î±
MODIFIED	No Priority	200	ğŸŸ¢ Fully Alpha Ready	24/01/2025	3	3	3	0	585	0.055ms
â–¶	
/content/dam/country/uk/en/find-and-buy/business-and-fleet/company-car-drivers/index
ğŸŒ
Î±
MODIFIED	No Priority	200	ğŸŸ¢ Fully Alpha Ready	12/03/2025	18	17	18	0	1276	0.081ms
â–¶	
/content/dam/country/uk/en/models/q3/q3-e-hybrid/register-your-interest/index
ğŸŒ
Î±
âš  Not ready: fa-form-builder-core, fa-form-builder-model-selector, fa-form-builder-personal-details (+2 more)
PUBLISHED	No Priority	200	ğŸŸ¡ Partially Alpha Ready	16/06/2025	5	0	5	0	163	0.031ms
â–¶	
/content/dam/country/uk/en/owners/audi-connect/faqs/connect-licence/index
ğŸŒ
Î±
PUBLISHED	No Priority	200	ğŸŸ¢ Fully Alpha Ready	25/09/2025	7	6	7	0	288	0.033ms
â–¶	
/content/dam/country/uk/en/models/q8/q8-tfsi-e/index
ğŸŒ
Î±
âš  Not ready: fa-location-search, fa-stock-carousel
PUBLISHED	No Priority	200	ğŸŸ¡ Partially Alpha Ready	01/09/2025	31	29	31	0	1754	0.043ms
â–¶	
/content/dam/country/uk/en/find-and-buy/finance-and-offers/ch-contract-hire/layers/a3-sportback-sport-40/index
ğŸŒ
Î±
âš  Not ready: fa-editorial-table-aemh
PUBLISHED	No Priority	200	ğŸŸ¡ Partially Alpha Ready	01/05/2025	5	4	5	0	316	0.046ms
â–¶	
/content/dam/country/uk/en/models/etrongt/audi-s-e-tron-gt/finance-and-offers/index
ğŸŒ
Î±
âš  Not ready: fa-location-search, fa-stock-carousel
PUBLISHED	No Priority	200	ğŸŸ¡ Partially Alpha Ready	01/09/2025	12	10	12	0	485	0.05ms
â–¶	
/content/dam/country/uk/en/models/q5/q5/configurator/index
ğŸŒ
Î±
PUBLISHED	No Priority	200	ğŸŸ¢ Fully Alpha Ready	21/03/2025	1	1	1	0	163	0.045ms
â–¶	
/content/dam/country/uk/en/discover/lifestyle/index
ğŸŒ
Î±
PUBLISHED	No Priority	200	ğŸŸ¢ Fully Alpha Ready	29/04/2025	9	9	9	0	276	0.228ms
â–¶	
/content/dam/country/uk/en/find-and-buy/business-and-fleet/fleet-range/index
ğŸŒ
Î±
MODIFIED	No Priority	200	ğŸŸ¢ Fully Alpha Ready	06/12/2024	12	12	12	0	896	0.073ms
â–¶	
/content/dam/country/uk/en/models/etrongt/audi-rs-e-tron-gt-performance/configurator/index
ğŸŒ
Î±
PUBLISHED	No Priority	200	ğŸŸ¢ Fully Alpha Ready	14/02/2025	1	1	1	0	163	0.038ms
â–¶	
/content/dam/country/uk/en/models/a8/a8-tfsi-e/layers/battery-layer/index
ğŸŒ
Î±
âš  Not ready: fa-editorial-table-aemh
DRAFT	No Priority	200	ğŸŸ¡ Partially Alpha Ready	Not Published	3	2	3	0	490	0.118ms
â–¶	
/content/dam/country/uk/en/models/q6-e-tron/q6-sportback-e-tron/design-and-specification/index
ğŸŒ
Î±
PUBLISHED	No Priority	200	ğŸŸ¢ Fully Alpha Ready	01/07/2025	17	17	17	0	1205	0.077ms
â–¶	
/content/dam/country/uk/en/find-and-buy/finance-and-offers/ch-contract-hire/layers/a-6-sportback-e-tron/index
ğŸŒ
Î±
âš  Not ready: fa-editorial-table-aemh
PUBLISHED	No Priority	200	ğŸŸ¡ Partially Alpha Ready	01/05/2025	5	4	5	0	310	0.041ms
â–¶	
/content/dam/country/uk/en/models/etrongt/audi-s-e-tron-gt/configurator/index
ğŸŒ
Î±
PUBLISHED	No Priority	200	ğŸŸ¢ Fully Alpha Ready	14/02/2025	1	1	1	0	163	0.037ms
â–¶	
/content/dam/country/uk/en/models/a5/a5-saloon-e-hybrid/index
ğŸŒ
Î±
âš  Not ready: fa-location-search, fa-stock-carousel
PUBLISHED	No Priority	200	ğŸŸ¡ Partially Alpha Ready	01/09/2025	34	32	34	0	2087	0.077ms
â–¶	
/content/dam/country/uk/en/models/etrongt/audi-rs-e-tron-gt-performance/index
ğŸŒ
Î±
PUBLISHED	No Priority	200	ğŸŸ¢ Fully Alpha Ready	11/08/2025	13	13	13	0	696	0.039ms
â–¶	
/content/dam/country/uk/en/owners/audi-connect/faqs/touch-screen/qr-code-card/index
ğŸŒ
Î±
PUBLISHED	No Priority	200	ğŸŸ¢ Fully Alpha Ready	25/09/2025	10	9	10	0	603	0.046ms
â–¶	
/content/dam/country/uk/en/find-and-buy/finance-and-offers/ch-contract-hire/pch-q4-e-tron-s-line-45/index
ğŸŒ
Î±
âš  Not ready: fa-editorial-table-aemh
PUBLISHED	No Priority	200	ğŸŸ¡ Partially Alpha Ready	01/09/2025	5	4	5	0	299	0.119ms
â–¶	
/content/dam/country/uk/en/owners/audi-connect/faqs/non-touch-screen/index
ğŸŒ
Î±
PUBLISHED	No Priority	200	ğŸŸ¢ Fully Alpha Ready	25/09/2025	9	8	9	0	601	0.092ms
â–¶	
/content/dam/country/uk/en/models/a8/a8/index
ğŸŒ
Î±
âš  Not ready: fa-location-search, fa-stock-carousel
PUBLISHED	No Priority	200	ğŸŸ¡ Partially Alpha Ready	01/09/2025	31	29	31	0	1596	0.037ms
â–¶	
/content/dam/country/uk/en/models/a6/a6-saloon-e-hybrid/index
ğŸŒ
Î±
âš  Not ready: fa-location-search, fa-stock-carousel
PUBLISHED	No Priority	200	ğŸŸ¡ Partially Alpha Ready	01/09/2025	31	29	31	0	1765	0.042ms
â–¶	
/content/dam/country/uk/en/owners/servicing/0-percent-finance/index
ğŸŒ
Î±
PUBLISHED	No Priority	200	ğŸŸ¢ Fully Alpha Ready	25/04/2025	7	7	7	0	593	0.042ms
â–¶	
/content/dam/country/uk/en/owners/audi-connect/connect-services-by-model/configurator-a4/index
ğŸŒ
Î±
âš  Not ready: fa-editorial-table-aemh
UNPUBLISHED	No Priority	200	ğŸŸ¡ Partially Alpha Ready	01/09/2025	10	7	10	0	2332	0.043ms
â–¶	
/content/dam/country/uk/en/models/q4/q4-e-tron/design-and-specification/index
ğŸŒ
Î±
PUBLISHED	No Priority	200	ğŸŸ¢ Fully Alpha Ready	01/07/2025	18	18	18	0	1280	0.033ms
â–¶	
/content/dam/country/uk/en/models/q6-e-tron/q6-e-tron/battery-and-range/index
ğŸŒ
Î±
âš  Not ready: fa-ev-mini-tools, accordion
PUBLISHED	No Priority	200	ğŸŸ¡ Partially Alpha Ready	11/08/2025	13	11	13	0	1698	0.089ms
â–¶	
/content/dam/country/uk/en/models/a6-e-tron/s6-sportback-e-tron/battery-and-range/index
ğŸŒ
Î±
âš  Not ready: fa-ev-mini-tools, accordion
PUBLISHED	No Priority	200	ğŸŸ¡ Partially Alpha Ready	11/08/2025	14	12	14	0	1621	0.04ms
â–¶	
/content/dam/country/uk/en/models/a5/a5-saloon-e-hybrid/configurator/index
ğŸŒ
Î±
PUBLISHED	No Priority	200	ğŸŸ¢ Fully Alpha Ready	07/05/2025	1	1	1	0	163	0.036ms
â–¶	
/content/dam/country/uk/en/models/a6/a6-avant-e-hybrid/index
ğŸŒ
Î±
âš  Not ready: fa-location-search, fa-stock-carousel
PUBLISHED	No Priority	200	ğŸŸ¡ Partially Alpha Ready	10/09/2025	31	29	31	0	1770	0.034ms
â–¶	
/content/dam/country/uk/en/electric/faqs/index
ğŸŒ
Î±
PUBLISHED	No Priority	200	ğŸŸ¢ Fully Alpha Ready	03/04/2025	8	7	8	0	271	0.048ms
â–¶	
/content/dam/country/uk/en/owners/audi-connect/faqs/non-touch-screen-a1-a3-a6-a7-a8-q3/index
ğŸŒ
Î±
PUBLISHED	No Priority	200	ğŸŸ¢ Fully Alpha Ready	25/09/2025	10	9	10	0	606	0.08ms
â–¶	
/content/dam/country/uk/en/owners/terms-and-conditions/infotainment-service/index
ğŸŒ
Î±
MODIFIED	No Priority	200	ğŸŸ¢ Fully Alpha Ready	21/01/2025	6	6	6	0	921	0.041ms
â–¶	
/content/dam/country/uk/en/models/a3/a3-saloon/index
ğŸŒ
Î±
âš  Not ready: fa-location-search, fa-stock-carousel
PUBLISHED	No Priority	200	ğŸŸ¡ Partially Alpha Ready	01/09/2025	30	28	30	0	1606	0.032ms
â–¶	
/content/dam/country/uk/en/models/q2/sq2/configurator/index
ğŸŒ
Î±
PUBLISHED	No Priority	200	ğŸŸ¢ Fully Alpha Ready	14/02/2025	1	1	1	0	163	0.031ms
â–¶	
/content/dam/country/uk/en/models/q6-e-tron/sq6-e-tron/battery-and-range/index
ğŸŒ
Î±
âš  Not ready: fa-ev-mini-tools, accordion
PUBLISHED	No Priority	200	ğŸŸ¡ Partially Alpha Ready	11/08/2025	14	12	14	0	1625	0.057ms
â–¶	
/content/dam/country/uk/en/audi-world/wltp/index
ğŸŒ
Î±
âš  Not ready: fa-editorial-table-aemh, accordion
MODIFIED	No Priority	200	ğŸŸ¡ Partially Alpha Ready	06/12/2024	13	11	13	0	1840	0.032ms
â–¶	
/content/dam/country/uk/en/owners/audi-connect/connect-services-by-model/configurator-a1/index
ğŸŒ
Î±
âš  Not ready: fa-editorial-table-aemh
MODIFIED	No Priority	200	ğŸŸ¡ Partially Alpha Ready	07/02/2025	10	7	10	0	2031	0.075ms
â–¶	
/content/dam/country/uk/en/owners/audi-connect/faqs/tt-r8/index
ğŸŒ
Î±
PUBLISHED	No Priority	200	ğŸŸ¢ Fully Alpha Ready	25/09/2025	10	9	10	0	627	0.071ms
â–¶	
/content/dam/country/uk/en/models/q6-e-tron/sq6-e-tron/finance-and-offers/index
ğŸŒ
Î±
âš  Not ready: fa-location-search, fa-stock-carousel
PUBLISHED	No Priority	200	ğŸŸ¡ Partially Alpha Ready	01/10/2025	13	11	13	0	520	0.03ms
â–¶	
/content/dam/country/uk/en/models/a6/a6-avant-e-hybrid/configurator/index
ğŸŒ
Î±
PUBLISHED	No Priority	200	ğŸŸ¢ Fully Alpha Ready	24/06/2025	1	1	1	0	163	0.034ms
â–¶	
/content/dam/country/uk/en/electric/faqs/home-charging/index
ğŸŒ
Î±
âš  Not ready: accordion
PUBLISHED	No Priority	200	ğŸŸ¡ Partially Alpha Ready	04/06/2025	3	2	3	0	1449	0.042ms
â–¶	
/content/dam/country/uk/en/electric/e-tron/video-guides/charging/charging-stations-video/index
ğŸŒ
Î±
MODIFIED	No Priority	200	ğŸŸ¢ Fully Alpha Ready	08/12/2024	1	1	1	0	209	0.046ms
â–¶	
/content/dam/country/uk/en/electric/faqs/servicing/index
ğŸŒ
Î±
âš  Not ready: accordion
MODIFIED	No Priority	200	ğŸŸ¡ Partially Alpha Ready	08/12/2024	3	2	3	0	967	0.048ms
â–¶	
/content/dam/country/uk/en/models/etrongt/audi-rs-e-tron-gt-performance/finance-and-offers/index
ğŸŒ
Î±
PUBLISHED	No Priority	200	ğŸŸ¢ Fully Alpha Ready	01/09/2025	10	10	10	0	438	0.042ms
â–¶	
/content/dam/country/uk/en/models/q6-e-tron/sq6-sportback-e-tron/finance-and-offers/index
ğŸŒ
Î±
âš  Not ready: fa-location-search, fa-stock-carousel
PUBLISHED	No Priority	200	ğŸŸ¡ Partially Alpha Ready	01/10/2025	13	11	13	0	479	0.07ms
â–¶	
/content/dam/country/uk/en/electric/e-tron/video-guides/charging/index
ğŸŒ
Î±
MODIFIED	No Priority	200	ğŸŸ¢ Fully Alpha Ready	13/01/2025	11	11	11	0	482	0.03ms
â–¶	
/content/dam/country/uk/en/models/a6-e-tron/s6-sportback-e-tron/finance-and-offers/index
ğŸŒ
Î±
âš  Not ready: fa-location-search, fa-stock-carousel
PUBLISHED	No Priority	200	ğŸŸ¡ Partially Alpha Ready	01/09/2025	13	11	13	0	484	0.037ms
â–¶	
/content/dam/country/uk/en/find-and-buy/finance-and-offers/personal-contract-plan/q4-e-tron/index
ğŸŒ
Î±
âš  Not ready: fa-editorial-table-aemh
PUBLISHED	No Priority	200	ğŸŸ¡ Partially Alpha Ready	07/08/2025	5	4	5	0	356	0.034ms
â–¶	
/content/dam/country/uk/en/models/q7/q7-tfsi-e/index
ğŸŒ
Î±
âš  Not ready: fa-location-search, fa-stock-carousel
PUBLISHED	No Priority	200	ğŸŸ¡ Partially Alpha Ready	01/09/2025	34	32	34	0	1861	0.084ms
â–¶	
/content/dam/country/uk/en/discover/performance/sport/index
ğŸŒ
Î±
MODIFIED	No Priority	200	ğŸŸ¢ Fully Alpha Ready	02/04/2025	15	15	15	0	683	0.091ms
â–¶	
/content/dam/country/uk/en/electric/e-tron/video-guides/charging/public-chargers-video/index
ğŸŒ
Î±
MODIFIED	No Priority	200	ğŸŸ¢ Fully Alpha Ready	08/12/2024	1	1	1	0	203	0.029ms
â–¶	
/content/dam/country/uk/en/models/a8/s8/index
ğŸŒ
Î±
âš  Not ready: fa-location-search, fa-stock-carousel
PUBLISHED	No Priority	200	ğŸŸ¡ Partially Alpha Ready	01/09/2025	31	29	31	0	1437	0.043ms
â–¶	
/content/dam/country/uk/en/electric/e-tron/video-guides/maximising-range/maximising-range-video/index
ğŸŒ
Î±
MODIFIED	No Priority	200	ğŸŸ¢ Fully Alpha Ready	08/12/2024	1	1	1	0	227	0.088ms
â–¶	
/content/dam/country/uk/en/models/a3/s3-sportback/index
ğŸŒ
Î±
âš  Not ready: fa-location-search, fa-stock-carousel
PUBLISHED	No Priority	200	ğŸŸ¡ Partially Alpha Ready	01/09/2025	29	27	29	0	1497	0.052ms
â–¶	
/content/dam/country/uk/en/electric/e-tron/video-guides/remote-features/setting-myAudi-video/index
ğŸŒ
Î±
MODIFIED	No Priority	200	ğŸŸ¢ Fully Alpha Ready	08/12/2024	1	1	1	0	245	0.03ms
â–¶	
/content/dam/country/uk/en/models/a6-e-tron/s6-avant-e-tron/design-and-specification/index
ğŸŒ
Î±
PUBLISHED	No Priority	200	ğŸŸ¢ Fully Alpha Ready	02/06/2025	18	18	18	0	1085	0.07ms
â–¶	
/content/dam/country/uk/en/electric/e-tron/video-guides/walk-around/ev-dashboards-video/index
ğŸŒ
Î±
MODIFIED	No Priority	200	ğŸŸ¢ Fully Alpha Ready	08/12/2024	1	1	1	0	229	0.036ms
â–¶	
/content/dam/country/uk/en/find-and-buy/finance-and-offers/personal-contract-plan/q3-s-line-35-tfsi-s-tronic/index
ğŸŒ
Î±
âš  Not ready: fa-editorial-table-aemh
PUBLISHED	No Priority	200	ğŸŸ¡ Partially Alpha Ready	12/08/2025	5	4	5	0	356	0.033ms
â–¶	
/content/dam/country/uk/en/owners/audi-connect/connect-services-by-model/configurator-a5/index
ğŸŒ
Î±
âš  Not ready: fa-editorial-table-aemh
MODIFIED	No Priority	200	ğŸŸ¡ Partially Alpha Ready	07/02/2025	11	7	11	0	2393	0.042ms
â–¶	
/content/dam/country/uk/en/models/etrongt/audi-rs-e-tron-gt-performance/design-and-specification/index
ğŸŒ
Î±
MODIFIED	No Priority	200	ğŸŸ¢ Fully Alpha Ready	19/06/2025	18	18	18	0	1335	0.049ms
â–¶	
/content/dam/country/uk/en/models/a3/s3-saloon/configurator/index
ğŸŒ
Î±
PUBLISHED	No Priority	200	ğŸŸ¢ Fully Alpha Ready	14/02/2025	1	1	1	0	163	0.038ms
â–¶	
/content/dam/country/uk/en/models/etrongt/forms/pre-book-test-drive/index
ğŸŒ
Î±
âš  Not ready: fa-form-builder-core, fa-form-builder-model-selector, fa-form-builder-personal-details (+3 more)
PUBLISHED	No Priority	200	ğŸŸ¡ Partially Alpha Ready	24/06/2025	7	1	7	0	163	0.04ms
â–¶	
/content/dam/country/uk/en/models/eu-tyre-label/index
ğŸŒ
Î±
MODIFIED	No Priority	200	ğŸŸ¢ Fully Alpha Ready	21/11/2024	10	10	10	0	871	0.046ms
â–¶	
/content/dam/country/uk/en/assistance/airbag-safety-recall/index
ğŸŒ
Î±
âš  Not ready: fa-third-party-integrator
MODIFIED	No Priority	200	ğŸŸ¡ Partially Alpha Ready	06/12/2024	7	6	7	0	407	0.036ms
â–¶	
/content/dam/country/uk/en/audi-world/who-regulates-us/index
ğŸŒ
Î±
MODIFIED	No Priority	200	ğŸŸ¢ Fully Alpha Ready	06/12/2024	4	4	4	0	375	0.045ms
â–¶	
/content/dam/country/uk/en/models/a6/a6-saloon/configurator/index
ğŸŒ
Î±
PUBLISHED	No Priority	200	ğŸŸ¢ Fully Alpha Ready	13/05/2025	1	1	1	0	163	0.035ms
â–¶	
/content/dam/country/uk/en/electric/faqs/myaudi/index
ğŸŒ
Î±
âš  Not ready: accordion
MODIFIED	No Priority	200	ğŸŸ¡ Partially Alpha Ready	08/12/2024	3	2	3	0	481	0.033ms
â–¶	
/content/dam/country/uk/en/electric/e-tron/video-guides/remote-features/index
ğŸŒ
Î±
MODIFIED	No Priority	200	ğŸŸ¢ Fully Alpha Ready	13/01/2025	6	6	6	0	309	0.074ms
â–¶	
/content/dam/country/uk/en/electric/faqs/electric-range/index
ğŸŒ
Î±
âš  Not ready: accordion
MODIFIED	No Priority	200	ğŸŸ¡ Partially Alpha Ready	08/12/2024	3	2	3	0	1772	0.063ms
â–¶	
/content/dam/country/uk/en/models/a5/s5-saloon/index
ğŸŒ
Î±
âš  Not ready: fa-location-search, fa-stock-carousel
PUBLISHED	No Priority	200	ğŸŸ¡ Partially Alpha Ready	01/09/2025	24	22	24	0	1496	0.147ms
â–¶	
/content/dam/country/uk/en/models/a5/a5-saloon/index
ğŸŒ
Î±
âš  Not ready: fa-location-search, fa-stock-carousel
PUBLISHED	No Priority	200	ğŸŸ¡ Partially Alpha Ready	01/09/2025	27	25	27	0	1891	0.102ms
â–¶	
/content/dam/country/uk/en/owners/terms-and-conditions/functions-on-demand-privacy-statement/index
ğŸŒ
Î±
âš  Not ready: fa-editorial-table-aemh
MODIFIED	No Priority	200	ğŸŸ¡ Partially Alpha Ready	29/01/2025	3	2	3	0	3186	0.042ms
â–¶	
/content/dam/country/uk/en/models/q8/sq8/configurator/index
ğŸŒ
Î±
PUBLISHED	No Priority	200	ğŸŸ¢ Fully Alpha Ready	14/02/2025	1	1	1	0	163	0.038ms
â–¶	
/content/dam/country/uk/en/owners/terms-and-conditions/safety-and-services/index
ğŸŒ
Î±
MODIFIED	No Priority	200	ğŸŸ¢ Fully Alpha Ready	24/01/2025	9	9	9	0	897	0.061ms
â–¶	
/content/dam/country/uk/en/models/q5/q5-sportback/configurator/index
ğŸŒ
Î±
PUBLISHED	No Priority	200	ğŸŸ¢ Fully Alpha Ready	14/02/2025	1	1	1	0	163	0.05ms
â–¶	
/content/dam/country/uk/en/owners/audi-connect/connect-services-by-model/configurator-q6-e-tron/index
ğŸŒ
Î±
âš  Not ready: fa-editorial-table-aemh
MODIFIED	No Priority	200	ğŸŸ¡ Partially Alpha Ready	07/02/2025	11	7	11	0	2251	0.035ms
â–¶	
/content/dam/country/uk/en/models/a6/a6-avant-e-hybrid/pre-book-test-drive/index
ğŸŒ
Î±
âš  Not ready: fa-form-builder-core, fa-form-builder-model-selector, fa-form-builder-personal-details (+3 more)
UNPUBLISHED	No Priority	200	ğŸŸ¡ Partially Alpha Ready	10/09/2025	6	0	6	0	163	0.034ms
â–¶	
/content/dam/country/uk/en/audi-world/integrity-and-compliance/whistleblower-system/index
ğŸŒ
Î±
PUBLISHED	No Priority	200	ğŸŸ¢ Fully Alpha Ready	03/09/2025	11	11	11	0	893	0.036ms
â–¶	
/content/dam/country/uk/en/discover/lifestyle/progressive-partners/wilderness/index
ğŸŒ
Î±
PUBLISHED	No Priority	200	ğŸŸ¢ Fully Alpha Ready	22/09/2025	10	10	10	0	276	0.036ms
â–¶	
/content/dam/country/uk/en/electric/faqs/public-charging/index
ğŸŒ
Î±
âš  Not ready: accordion
MODIFIED	No Priority	200	ğŸŸ¡ Partially Alpha Ready	08/12/2024	3	2	3	0	1322	0.039ms
â–¶	
/content/dam/country/uk/en/models/etrongt/audi-e-tron-gt/finance-and-offers/index
ğŸŒ
Î±
âš  Not ready: fa-location-search, fa-stock-carousel
PUBLISHED	No Priority	200	ğŸŸ¡ Partially Alpha Ready	10/09/2025	12	10	12	0	441	0.033ms
â–¶	
/content/dam/country/uk/en/models/a6/a6-range/index
ğŸŒ
Î±
âš  Not ready: fa-location-search, fa-stock-carousel
PUBLISHED	No Priority	200	ğŸŸ¡ Partially Alpha Ready	09/07/2025	21	19	21	0	526	0.032ms
â–¶	
/content/dam/country/uk/en/models/a6-e-tron/a6-sportback-e-tron/configurator/index
ğŸŒ
Î±
PUBLISHED	No Priority	200	ğŸŸ¢ Fully Alpha Ready	13/03/2025	1	1	1	0	163	0.042ms
â–¶	
/content/dam/country/uk/en/models/a6-e-tron/a6-avant-e-tron/configurator/index
ğŸŒ
Î±
PUBLISHED	No Priority	200	ğŸŸ¢ Fully Alpha Ready	15/04/2025	1	1	1	0	163	0.043ms
â–¶	
/content/dam/country/uk/en/legal-and-privacy/30-day-terms-conditions/index
ğŸŒ
Î±
MODIFIED	No Priority	200	ğŸŸ¢ Fully Alpha Ready	12/11/2024	2	2	2	0	548	0.033ms
â–¶	
/content/dam/country/uk/en/models/a6/s6-saloon/index
ğŸŒ
Î±
PUBLISHED	No Priority	200	ğŸŸ¢ Fully Alpha Ready	04/09/2025	23	23	23	0	1353	0.032ms
â–¶	
/content/dam/country/uk/en/owners/electric/index
ğŸŒ
Î±
PUBLISHED	No Priority	200	ğŸŸ¢ Fully Alpha Ready	29/04/2025	17	17	17	0	766	0.257ms
â–¶	
/content/dam/country/uk/en/models/q8/rsq8-performance/index
ğŸŒ
Î±
MODIFIED	No Priority	200	ğŸŸ¢ Fully Alpha Ready	01/09/2025	23	23	23	0	1574	0.071ms
â–¶	
/content/dam/country/uk/en/find-and-buy/finance-and-offers/ch-contract-hire/layers/bch-q6-e-tron/index
ğŸŒ
Î±
âš  Not ready: fa-editorial-table-aemh
PUBLISHED	No Priority	200	ğŸŸ¡ Partially Alpha Ready	01/07/2025	5	4	5	0	310	0.037ms
â–¶	
/content/dam/country/uk/en/models/q5/q5-sportback/index
ğŸŒ
Î±
âš  Not ready: fa-location-search, fa-stock-carousel
PUBLISHED	No Priority	200	ğŸŸ¡ Partially Alpha Ready	01/09/2025	29	27	29	0	1831	0.172ms
â–¶	
/content/dam/country/uk/en/find-and-buy/finance-and-offers/ch-contract-hire/layers/bch-q4-e-tron-s-line-45/index
ğŸŒ
Î±
âš  Not ready: fa-editorial-table-aemh
PUBLISHED	No Priority	200	ğŸŸ¡ Partially Alpha Ready	01/09/2025	5	4	5	0	310	0.032ms
â–¶	
/content/dam/country/uk/en/find-and-buy/finance-and-offers/ch-contract-hire/layers/pch-a-6-sportback-e-tron/index
ğŸŒ
Î±
âš  Not ready: fa-editorial-table-aemh
PUBLISHED	No Priority	200	ğŸŸ¡ Partially Alpha Ready	01/05/2025	5	4	5	0	299	0.133ms
â–¶	
/content/dam/country/uk/en/models/q7/q7/index
ğŸŒ
Î±
âš  Not ready: fa-location-search, fa-stock-carousel
PUBLISHED	No Priority	200	ğŸŸ¡ Partially Alpha Ready	01/09/2025	27	25	27	0	1862	0.044ms
â–¶	
/content/dam/country/uk/en/electric/offers-and-incentives/ovo-energy/index
ğŸŒ
Î±
âš  Not ready: fa-ev-mini-tools, accordion
PUBLISHED	No Priority	200	ğŸŸ¡ Partially Alpha Ready	01/10/2025	12	9	12	0	1477	0.049ms
â–¶	
/content/dam/country/uk/en/models/q6-e-tron/sq6-sportback-e-tron/battery-and-range/index
ğŸŒ
Î±
âš  Not ready: fa-ev-mini-tools, accordion
PUBLISHED	No Priority	200	ğŸŸ¡ Partially Alpha Ready	11/08/2025	14	12	14	0	1620	0.043ms
â–¶	
/content/dam/country/uk/en/models/q7/q7-tfsi-e/configurator/index
ğŸŒ
Î±
PUBLISHED	No Priority	200	ğŸŸ¢ Fully Alpha Ready	14/02/2025	1	1	1	0	163	0.055ms
â–¶	
/content/dam/country/uk/en/models/a5/s5-avant/configurator/index
ğŸŒ
Î±
PUBLISHED	No Priority	200	ğŸŸ¢ Fully Alpha Ready	14/02/2025	1	1	1	0	163	0.03ms
â–¶	
/content/dam/country/uk/en/register-for-updates/index
ğŸŒ
Î±
âš  Not ready: fa-form-builder-core, fa-form-builder-personal-details, fa-form-builder-marketing-pref (+1 more)
PUBLISHED	No Priority	200	ğŸŸ¡ Partially Alpha Ready	28/07/2025	6	2	6	0	221	0.029ms
â–¶	
/content/dam/country/uk/en/audi-world/repair-partnering/index
ğŸŒ
Î±
PUBLISHED	No Priority	200	ğŸŸ¢ Fully Alpha Ready	27/06/2025	9	9	9	0	509	0.033ms
â–¶	
/content/dam/country/uk/en/models/etrongt/audi-rs-e-tron-gt/battery-and-range/index
ğŸŒ
Î±
âš  Not ready: fa-ev-mini-tools, accordion
PUBLISHED	No Priority	200	ğŸŸ¡ Partially Alpha Ready	11/08/2025	14	12	14	0	1581	0.037ms
â–¶	
/content/dam/country/uk/en/find-and-buy/business-and-fleet/going-electric/index
ğŸŒ
Î±
MODIFIED	No Priority	200	ğŸŸ¢ Fully Alpha Ready	06/12/2024	12	12	12	0	1297	0.036ms
â–¶	
/content/dam/country/uk/en/electric/e-tron/video-guides/maximising-range/calculating-range-video/index
ğŸŒ
Î±
MODIFIED	No Priority	200	ğŸŸ¢ Fully Alpha Ready	08/12/2024	1	1	1	0	205	0.072ms
â–¶	
/content/dam/country/uk/en/owners/audi-connect/connect-services-by-model/index
ğŸŒ
Î±
MODIFIED	No Priority	200	ğŸŸ¢ Fully Alpha Ready	06/11/2024	7	7	7	0	259	0.032ms
â–¶	
/content/dam/country/uk/en/models/a3/a3-tfsi-e/layers/battery-and-powertrain/index
ğŸŒ
Î±
âš  Not ready: fa-editorial-table-aemh
PUBLISHED	No Priority	200	ğŸŸ¡ Partially Alpha Ready	28/10/2024	3	2	3	0	812	0.035ms
â–¶	
/content/dam/country/uk/en/models/q6-e-tron/q6-e-tron/configurator/index
ğŸŒ
Î±
PUBLISHED	No Priority	200	ğŸŸ¢ Fully Alpha Ready	14/02/2025	1	1	1	0	163	0.258ms
â–¶	
/content/dam/country/uk/en/owners/audi-connect/faqs/touch-screen/key-tag/index
ğŸŒ
Î±
PUBLISHED	No Priority	200	ğŸŸ¢ Fully Alpha Ready	25/09/2025	10	9	10	0	660	0.036ms
â–¶	
/content/dam/country/uk/en/models/a6/a6-saloon-e-hybrid/configurator/index
ğŸŒ
Î±
PUBLISHED	No Priority	200	ğŸŸ¢ Fully Alpha Ready	04/08/2025	1	1	1	0	163	0.038ms
â–¶	
/content/dam/country/uk/en/models/q6-e-tron/sq6-e-tron/configurator/index
ğŸŒ
Î±
PUBLISHED	No Priority	200	ğŸŸ¢ Fully Alpha Ready	14/02/2025	1	1	1	0	163	0.029ms
â–¶	
/content/dam/country/uk/en/models/q5/sq5-sportback/configurator/index
ğŸŒ
Î±
PUBLISHED	No Priority	200	ğŸŸ¢ Fully Alpha Ready	14/02/2025	1	1	1	0	163	0.029ms
â–¶	
/content/dam/country/uk/en/models/a6/a6-avant/configurator/index
ğŸŒ
Î±
PUBLISHED	No Priority	200	ğŸŸ¢ Fully Alpha Ready	01/04/2025	1	1	1	0	163	0.031ms
â–¶	
/content/dam/country/uk/en/models/q8/q8/index
ğŸŒ
Î±
âš  Not ready: fa-location-search, fa-stock-carousel
PUBLISHED	No Priority	200	ğŸŸ¡ Partially Alpha Ready	01/09/2025	31	29	31	0	1978	0.042ms
â–¶	
/content/dam/country/uk/en/models/a6-e-tron/a6-avant-e-tron/battery-and-range/index
ğŸŒ
Î±
âš  Not ready: fa-ev-mini-tools, accordion
PUBLISHED	No Priority	200	ğŸŸ¡ Partially Alpha Ready	11/08/2025	14	12	14	0	1629	0.105ms
â–¶	
/content/dam/country/uk/en/discover/lifestyle/progressive-partners/wilderness/keep-me-informed/index
ğŸŒ
Î±
âš  Not ready: fa-form-builder-core, fa-form-builder-personal-details, fa-form-builder-marketing-pref (+1 more)
PUBLISHED	No Priority	200	ğŸŸ¡ Partially Alpha Ready	29/01/2025	6	2	6	0	208	0.038ms
â–¶	
/content/dam/country/uk/en/find-and-buy/business-and-fleet/specialist-sales/index
ğŸŒ
Î±
MODIFIED	No Priority	200	ğŸŸ¢ Fully Alpha Ready	06/12/2024	12	12	12	0	769	0.039ms
â–¶	
/content/dam/country/uk/en/find-and-buy/finance-and-offers/ch-contract-hire/layers/pch-q7/index
ğŸŒ
Î±
âš  Not ready: fa-editorial-table-aemh
PUBLISHED	No Priority	200	ğŸŸ¡ Partially Alpha Ready	01/07/2025	5	4	5	0	297	0.033ms
â–¶	
/content/dam/country/uk/en/models/etrongt/audi-rs-e-tron-gt/design-and-specification/index
ğŸŒ
Î±
MODIFIED	No Priority	200	ğŸŸ¢ Fully Alpha Ready	16/06/2025	17	17	17	0	1339	0.04ms
â–¶	
/content/dam/country/uk/en/models/a5/a5-avant-e-hybrid/index
ğŸŒ
Î±
âš  Not ready: fa-location-search, fa-stock-carousel
PUBLISHED	No Priority	200	ğŸŸ¡ Partially Alpha Ready	01/09/2025	34	32	34	0	2118	0.076ms
â–¶	
/content/dam/country/uk/en/models/a6-e-tron/a6-avant-e-tron/finance-and-offers/index
ğŸŒ
Î±
âš  Not ready: fa-location-search, fa-stock-carousel
PUBLISHED	No Priority	200	ğŸŸ¡ Partially Alpha Ready	01/09/2025	13	11	13	0	484	0.075ms
â–¶	
/content/dam/country/uk/en/electric/e-tron/video-guides/maximising-range/setting-recuperation-video/index
ğŸŒ
Î±
MODIFIED	No Priority	200	ğŸŸ¢ Fully Alpha Ready	08/12/2024	1	1	1	0	203	0.046ms
â–¶	
/content/dam/country/uk/en/models/etrongt/audi-e-tron-gt/battery-and-range/index
ğŸŒ
Î±
